date,ticker
2015-12-31,ABEV3
2015-12-31,AMER3
2015-12-31,AURE3
2015-12-31,B3SA3
2015-12-31,BBAS3
2015-12-31,BBDC3
2015-12-31,BBDC4
2015-12-31,BBSE3
2015-12-31,BRAP4
2015-12-31,BRFS3
2015-12-31,BRKM5
2015-12-31,BRML3
2015-12-31,BRPR3
2015-12-31,CCRO3
2015-12-31,CIEL3
2015-12-31,CMIG4
2015-12-31,COGN3
2015-12-31,CPFE3
2015-12-31,CPLE6
2015-12-31,CSAN3
2015-12-31,CSNA3
2015-12-31,CYRE3
2015-12-31,ECOR3
2015-12-31,EGIE3
2015-12-31,ELET3
2015-12-31,EMBR3
2015-12-31,ENBR3
2015-12-31,EQTL3
2015-12-31,FIBR3
2015-12-31,GGBR4
2015-12-31,GOAU4
2015-12-31,GOLL4
2015-12-31,HGTX3
2015-12-31,HYPE3
2015-12-31,ITSA4
2015-12-31,ITUB4
2015-12-31,JBSS3
2015-12-31,KLBN11
2015-12-31,LREN3
2015-12-31,MRFG3
2015-12-31,MRVE3
2015-12-31,MULT3
2015-12-31,NTCO3
2015-12-31,OIBR3
2015-12-31,PCAR3
2015-12-31,PETR3
2015-12-31,PETR4
2015-12-31,QUAL3
2015-12-31,RADL3
2015-12-31,RAIL3
2015-12-31,RENT3
2015-12-31,SANB11
2015-12-31,SBSP3
2015-12-31,SUZB3
2015-12-31,TIMS3
2015-12-31,UGPA3
2015-12-31,USIM5
2015-12-31,VALE3
2015-12-31,VALE5
2015-12-31,VIVT3
2015-12-31,YDUQ3
2016-01-31,ABEV3
2016-01-31,AMER3
2016-01-31,AURE3
2016-01-31,B3SA3
2016-01-31,BBAS3
2016-01-31,BBDC3
2016-01-31,BBDC4
2016-01-31,BBSE3
2016-01-31,BRAP4
2016-01-31,BRFS3
2016-01-31,BRKM5
2016-01-31,BRML3
2016-01-31,CCRO3
2016-01-31,CIEL3
2016-01-31,CMIG4
2016-01-31,COGN3
2016-01-31,CPFE3
2016-01-31,CPLE6
2016-01-31,CSAN3
2016-01-31,CSNA3
2016-01-31,CYRE3
2016-01-31,ECOR3
2016-01-31,EGIE3
2016-01-31,EMBR3
2016-01-31,ENBR3
2016-01-31,EQTL3
2016-01-31,FIBR3
2016-01-31,GGBR4
2016-01-31,GOAU4
2016-01-31,GOLL4
2016-01-31,HGTX3
2016-01-31,HYPE3
2016-01-31,ITSA4
2016-01-31,ITUB4
2016-01-31,JBSS3
2016-01-31,KLBN11
2016-01-31,LREN3
2016-01-31,MRFG3
2016-01-31,MRVE3
2016-01-31,MULT3
2016-01-31,NTCO3
2016-01-31,OIBR3
2016-01-31,PCAR3
2016-01-31,PETR3
2016-01-31,PETR4
2016-01-31,QUAL3
2016-01-31,RADL3
2016-01-31,RAIL3
2016-01-31,RENT3
2016-01-31,SANB11
2016-01-31,SBSP3
2016-01-31,SUZB3
2016-01-31,TIMS3
2016-01-31,UGPA3
2016-01-31,USIM5
2016-01-31,VALE3
2016-01-31,VALE5
2016-01-31,VIVT3
2016-01-31,WEGE3
2016-01-31,YDUQ3
2016-02-29,ABEV3
2016-02-29,AMER3
2016-02-29,AURE3
2016-02-29,B3SA3
2016-02-29,BBAS3
2016-02-29,BBDC3
2016-02-29,BBDC4
2016-02-29,BBSE3
2016-02-29,BRAP4
2016-02-29,BRFS3
2016-02-29,BRKM5
2016-02-29,BRML3
2016-02-29,CCRO3
2016-02-29,CIEL3
2016-02-29,CMIG4
2016-02-29,COGN3
2016-02-29,CPFE3
2016-02-29,CPLE6
2016-02-29,CSAN3
2016-02-29,CSNA3
2016-02-29,CYRE3
2016-02-29,ECOR3
2016-02-29,EGIE3
2016-02-29,EMBR3
2016-02-29,ENBR3
2016-02-29,EQTL3
2016-02-29,FIBR3
2016-02-29,GGBR4
2016-02-29,GOAU4
2016-02-29,GOLL4
2016-02-29,HGTX3
2016-02-29,HYPE3
2016-02-29,ITSA4
2016-02-29,ITUB4
2016-02-29,JBSS3
2016-02-29,KLBN11
2016-02-29,LREN3
2016-02-29,MRFG3
2016-02-29,MRVE3
2016-02-29,MULT3
2016-02-29,NTCO3
2016-02-29,OIBR3
2016-02-29,PCAR3
2016-02-29,PETR3
2016-02-29,PETR4
2016-02-29,QUAL3
2016-02-29,RADL3
2016-02-29,RAIL3
2016-02-29,RENT3
2016-02-29,SANB11
2016-02-29,SBSP3
2016-02-29,SUZB3
2016-02-29,TIMS3
2016-02-29,UGPA3
2016-02-29,USIM5
2016-02-29,VALE3
2016-02-29,VALE5
2016-02-29,VIVT3
2016-02-29,WEGE3
2016-02-29,YDUQ3
2016-03-31,ABEV3
2016-03-31,AMER3
2016-03-31,AURE3
2016-03-31,B3SA3
2016-03-31,BBAS3
2016-03-31,BBDC3
2016-03-31,BBDC4
2016-03-31,BBSE3
2016-03-31,BRAP4
2016-03-31,BRFS3
2016-03-31,BRKM5
2016-03-31,BRML3
2016-03-31,CCRO3
2016-03-31,CIEL3
2016-03-31,CMIG4
2016-03-31,COGN3
2016-03-31,CPFE3
2016-03-31,CPLE6
2016-03-31,CSAN3
2016-03-31,CSNA3
2016-03-31,CYRE3
2016-03-31,ECOR3
2016-03-31,EGIE3
2016-03-31,EMBR3
2016-03-31,ENBR3
2016-03-31,EQTL3
2016-03-31,FIBR3
2016-03-31,GGBR4
2016-03-31,GOAU4
2016-03-31,GOLL4
2016-03-31,HGTX3
2016-03-31,HYPE3
2016-03-31,ITSA4
2016-03-31,ITUB4
2016-03-31,JBSS3
2016-03-31,KLBN11
2016-03-31,LREN3
2016-03-31,MRFG3
2016-03-31,MRVE3
2016-03-31,MULT3
2016-03-31,NTCO3
2016-03-31,OIBR3
2016-03-31,PCAR3
2016-03-31,PETR3
2016-03-31,PETR4
2016-03-31,QUAL3
2016-03-31,RADL3
2016-03-31,RAIL3
2016-03-31,RENT3
2016-03-31,SANB11
2016-03-31,SBSP3
2016-03-31,SUZB3
2016-03-31,TIMS3
2016-03-31,UGPA3
2016-03-31,USIM5
2016-03-31,VALE3
2016-03-31,VALE5
2016-03-31,VIVT3
2016-03-31,WEGE3
2016-03-31,YDUQ3
2016-04-30,ABEV3
2016-04-30,AMER3
2016-04-30,AURE3
2016-04-30,B3SA3
2016-04-30,BBAS3
2016-04-30,BBDC3
2016-04-30,BBDC4
2016-04-30,BBSE3
2016-04-30,BRAP4
2016-04-30,BRFS3
2016-04-30,BRKM5
2016-04-30,BRML3
2016-04-30,CCRO3
2016-04-30,CIEL3
2016-04-30,CMIG4
2016-04-30,COGN3
2016-04-30,CPFE3
2016-04-30,CPLE6
2016-04-30,CSAN3
2016-04-30,CSNA3
2016-04-30,CYRE3
2016-04-30,ECOR3
2016-04-30,EGIE3
2016-04-30,EMBR3
2016-04-30,ENBR3
2016-04-30,EQTL3
2016-04-30,FIBR3
2016-04-30,GGBR4
2016-04-30,GOAU4
2016-04-30,GOLL4
2016-04-30,HGTX3
2016-04-30,HYPE3
2016-04-30,ITSA4
2016-04-30,ITUB4
2016-04-30,JBSS3
2016-04-30,KLBN11
2016-04-30,LREN3
2016-04-30,MRFG3
2016-04-30,MRVE3
2016-04-30,MULT3
2016-04-30,NTCO3
2016-04-30,OIBR3
2016-04-30,PCAR3
2016-04-30,PETR3
2016-04-30,PETR4
2016-04-30,QUAL3
2016-04-30,RADL3
2016-04-30,RAIL3
2016-04-30,RENT3
2016-04-30,SANB11
2016-04-30,SBSP3
2016-04-30,SUZB3
2016-04-30,TIMS3
2016-04-30,UGPA3
2016-04-30,USIM5
2016-04-30,VALE3
2016-04-30,VALE5
2016-04-30,VIVT3
2016-04-30,WEGE3
2016-04-30,YDUQ3
2016-05-31,ABEV3
2016-05-31,AMER3
2016-05-31,AURE3
2016-05-31,B3SA3
2016-05-31,BBAS3
2016-05-31,BBDC3
2016-05-31,BBDC4
2016-05-31,BBSE3
2016-05-31,BRAP4
2016-05-31,BRFS3
2016-05-31,BRKM5
2016-05-31,BRML3
2016-05-31,CCRO3
2016-05-31,CIEL3
2016-05-31,CMIG4
2016-05-31,COGN3
2016-05-31,CPFE3
2016-05-31,CPLE6
2016-05-31,CSAN3
2016-05-31,CSNA3
2016-05-31,CYRE3
2016-05-31,ECOR3
2016-05-31,EGIE3
2016-05-31,EMBR3
2016-05-31,ENBR3
2016-05-31,EQTL3
2016-05-31,FIBR3
2016-05-31,GGBR4
2016-05-31,GOAU4
2016-05-31,GOLL4
2016-05-31,HYPE3
2016-05-31,ITSA4
2016-05-31,ITUB4
2016-05-31,JBSS3
2016-05-31,KLBN11
2016-05-31,LREN3
2016-05-31,MRFG3
2016-05-31,MRVE3
2016-05-31,MULT3
2016-05-31,NTCO3
2016-05-31,PCAR3
2016-05-31,PETR3
2016-05-31,PETR4
2016-05-31,QUAL3
2016-05-31,RADL3
2016-05-31,RAIL3
2016-05-31,RENT3
2016-05-31,SANB11
2016-05-31,SBSP3
2016-05-31,SUZB3
2016-05-31,TIMS3
2016-05-31,UGPA3
2016-05-31,USIM5
2016-05-31,VALE3
2016-05-31,VALE5
2016-05-31,VIVT3
2016-05-31,WEGE3
2016-05-31,YDUQ3
2016-06-30,ABEV3
2016-06-30,AMER3
2016-06-30,AURE3
2016-06-30,B3SA3
2016-06-30,BBAS3
2016-06-30,BBDC3
2016-06-30,BBDC4
2016-06-30,BBSE3
2016-06-30,BRAP4
2016-06-30,BRFS3
2016-06-30,BRKM5
2016-06-30,BRML3
2016-06-30,CCRO3
2016-06-30,CIEL3
2016-06-30,CMIG4
2016-06-30,COGN3
2016-06-30,CPFE3
2016-06-30,CPLE6
2016-06-30,CSAN3
2016-06-30,CSNA3
2016-06-30,CYRE3
2016-06-30,ECOR3
2016-06-30,EGIE3
2016-06-30,EMBR3
2016-06-30,ENBR3
2016-06-30,EQTL3
2016-06-30,FIBR3
2016-06-30,GGBR4
2016-06-30,GOAU4
2016-06-30,GOLL4
2016-06-30,HYPE3
2016-06-30,ITSA4
2016-06-30,ITUB4
2016-06-30,JBSS3
2016-06-30,KLBN11
2016-06-30,LREN3
2016-06-30,MRFG3
2016-06-30,MRVE3
2016-06-30,MULT3
2016-06-30,NTCO3
2016-06-30,PCAR3
2016-06-30,PETR3
2016-06-30,PETR4
2016-06-30,QUAL3
2016-06-30,RADL3
2016-06-30,RAIL3
2016-06-30,RENT3
2016-06-30,SANB11
2016-06-30,SBSP3
2016-06-30,SUZB3
2016-06-30,TIMS3
2016-06-30,UGPA3
2016-06-30,USIM5
2016-06-30,VALE3
2016-06-30,VALE5
2016-06-30,VIVT3
2016-06-30,WEGE3
2016-06-30,YDUQ3
2016-07-31,ABEV3
2016-07-31,AMER3
2016-07-31,AURE3
2016-07-31,B3SA3
2016-07-31,BBAS3
2016-07-31,BBDC3
2016-07-31,BBDC4
2016-07-31,BBSE3
2016-07-31,BRAP4
2016-07-31,BRFS3
2016-07-31,BRKM5
2016-07-31,BRML3
2016-07-31,CCRO3
2016-07-31,CIEL3
2016-07-31,CMIG4
2016-07-31,COGN3
2016-07-31,CPFE3
2016-07-31,CPLE6
2016-07-31,CSAN3
2016-07-31,CSNA3
2016-07-31,CYRE3
2016-07-31,ECOR3
2016-07-31,EGIE3
2016-07-31,EMBR3
2016-07-31,ENBR3
2016-07-31,EQTL3
2016-07-31,FIBR3
2016-07-31,GGBR4
2016-07-31,GOAU4
2016-07-31,GOLL4
2016-07-31,HYPE3
2016-07-31,ITSA4
2016-07-31,ITUB4
2016-07-31,JBSS3
2016-07-31,KLBN11
2016-07-31,LREN3
2016-07-31,MRFG3
2016-07-31,MRVE3
2016-07-31,MULT3
2016-07-31,NTCO3
2016-07-31,PCAR3
2016-07-31,PETR3
2016-07-31,PETR4
2016-07-31,QUAL3
2016-07-31,RADL3
2016-07-31,RAIL3
2016-07-31,RENT3
2016-07-31,SANB11
2016-07-31,SBSP3
2016-07-31,SUZB3
2016-07-31,TIMS3
2016-07-31,UGPA3
2016-07-31,USIM5
2016-07-31,VALE3
2016-07-31,VALE5
2016-07-31,VIVT3
2016-07-31,WEGE3
2016-07-31,YDUQ3
2016-08-31,ABEV3
2016-08-31,AMER3
2016-08-31,AURE3
2016-08-31,B3SA3
2016-08-31,BBAS3
2016-08-31,BBDC3
2016-08-31,BBDC4
2016-08-31,BBSE3
2016-08-31,BRAP4
2016-08-31,BRFS3
2016-08-31,BRKM5
2016-08-31,BRML3
2016-08-31,CCRO3
2016-08-31,CIEL3
2016-08-31,CMIG4
2016-08-31,COGN3
2016-08-31,CPFE3
2016-08-31,CPLE6
2016-08-31,CSAN3
2016-08-31,CSNA3
2016-08-31,CYRE3
2016-08-31,ECOR3
2016-08-31,EGIE3
2016-08-31,EMBR3
2016-08-31,ENBR3
2016-08-31,EQTL3
2016-08-31,FIBR3
2016-08-31,GGBR4
2016-08-31,GOAU4
2016-08-31,GOLL4
2016-08-31,HYPE3
2016-08-31,ITSA4
2016-08-31,ITUB4
2016-08-31,JBSS3
2016-08-31,KLBN11
2016-08-31,LREN3
2016-08-31,MRFG3
2016-08-31,MRVE3
2016-08-31,MULT3
2016-08-31,NTCO3
2016-08-31,PCAR3
2016-08-31,PETR3
2016-08-31,PETR4
2016-08-31,QUAL3
2016-08-31,RADL3
2016-08-31,RAIL3
2016-08-31,RENT3
2016-08-31,SANB11
2016-08-31,SBSP3
2016-08-31,SUZB3
2016-08-31,TIMS3
2016-08-31,UGPA3
2016-08-31,USIM5
2016-08-31,VALE3
2016-08-31,VALE5
2016-08-31,VIVT3
2016-08-31,WEGE3
2016-08-31,YDUQ3
2016-09-30,ABEV3
2016-09-30,AMER3
2016-09-30,B3SA3
2016-09-30,BBAS3
2016-09-30,BBDC3
2016-09-30,BBDC4
2016-09-30,BBSE3
2016-09-30,BRAP4
2016-09-30,BRFS3
2016-09-30,BRKM5
2016-09-30,BRML3
2016-09-30,CCRO3
2016-09-30,CIEL3
2016-09-30,CMIG4
2016-09-30,COGN3
2016-09-30,CPFE3
2016-09-30,CPLE6
2016-09-30,CSAN3
2016-09-30,CSNA3
2016-09-30,CYRE3
2016-09-30,ECOR3
2016-09-30,EGIE3
2016-09-30,EMBR3
2016-09-30,ENBR3
2016-09-30,EQTL3
2016-09-30,FIBR3
2016-09-30,GGBR4
2016-09-30,GOAU4
2016-09-30,GOLL4
2016-09-30,HYPE3
2016-09-30,ITSA4
2016-09-30,ITUB4
2016-09-30,JBSS3
2016-09-30,KLBN11
2016-09-30,LREN3
2016-09-30,MRFG3
2016-09-30,MRVE3
2016-09-30,MULT3
2016-09-30,NTCO3
2016-09-30,PCAR3
2016-09-30,PETR3
2016-09-30,PETR4
2016-09-30,QUAL3
2016-09-30,RADL3
2016-09-30,RAIL3
2016-09-30,RENT3
2016-09-30,SANB11
2016-09-30,SBSP3
2016-09-30,SUZB3
2016-09-30,TIMS3
2016-09-30,UGPA3
2016-09-30,USIM5
2016-09-30,VALE3
2016-09-30,VALE5
2016-09-30,VIVT3
2016-09-30,WEGE3
2016-09-30,YDUQ3
2016-10-31,ABEV3
2016-10-31,AMER3
2016-10-31,B3SA3
2016-10-31,BBAS3
2016-10-31,BBDC3
2016-10-31,BBDC4
2016-10-31,BBSE3
2016-10-31,BRAP4
2016-10-31,BRFS3
2016-10-31,BRKM5
2016-10-31,BRML3
2016-10-31,CCRO3
2016-10-31,CIEL3
2016-10-31,CMIG4
2016-10-31,COGN3
2016-10-31,CPFE3
2016-10-31,CPLE6
2016-10-31,CSAN3
2016-10-31,CSNA3
2016-10-31,CYRE3
2016-10-31,ECOR3
2016-10-31,EGIE3
2016-10-31,EMBR3
2016-10-31,ENBR3
2016-10-31,EQTL3
2016-10-31,FIBR3
2016-10-31,GGBR4
2016-10-31,GOAU4
2016-10-31,GOLL4
2016-10-31,HYPE3
2016-10-31,ITSA4
2016-10-31,ITUB4
2016-10-31,JBSS3
2016-10-31,KLBN11
2016-10-31,LREN3
2016-10-31,MRFG3
2016-10-31,MRVE3
2016-10-31,MULT3
2016-10-31,NTCO3
2016-10-31,PCAR3
2016-10-31,PETR3
2016-10-31,PETR4
2016-10-31,QUAL3
2016-10-31,RADL3
2016-10-31,RAIL3
2016-10-31,RENT3
2016-10-31,SANB11
2016-10-31,SBSP3
2016-10-31,SUZB3
2016-10-31,TIMS3
2016-10-31,UGPA3
2016-10-31,USIM5
2016-10-31,VALE3
2016-10-31,VALE5
2016-10-31,VIVT3
2016-10-31,WEGE3
2016-10-31,YDUQ3
2016-11-30,ABEV3
2016-11-30,AMER3
2016-11-30,B3SA3
2016-11-30,BBAS3
2016-11-30,BBDC3
2016-11-30,BBDC4
2016-11-30,BBSE3
2016-11-30,BRAP4
2016-11-30,BRFS3
2016-11-30,BRKM5
2016-11-30,BRML3
2016-11-30,CCRO3
2016-11-30,CIEL3
2016-11-30,CMIG4
2016-11-30,COGN3
2016-11-30,CPFE3
2016-11-30,CPLE6
2016-11-30,CSAN3
2016-11-30,CSNA3
2016-11-30,CYRE3
2016-11-30,ECOR3
2016-11-30,EGIE3
2016-11-30,EMBR3
2016-11-30,ENBR3
2016-11-30,EQTL3
2016-11-30,FIBR3
2016-11-30,GGBR4
2016-11-30,GOAU4
2016-11-30,GOLL4
2016-11-30,HYPE3
2016-11-30,ITSA4
2016-11-30,ITUB4
2016-11-30,JBSS3
2016-11-30,KLBN11
2016-11-30,LREN3
2016-11-30,MRFG3
2016-11-30,MRVE3
2016-11-30,MULT3
2016-11-30,NTCO3
2016-11-30,PCAR3
2016-11-30,PETR3
2016-11-30,PETR4
2016-11-30,QUAL3
2016-11-30,RADL3
2016-11-30,RAIL3
2016-11-30,RENT3
2016-11-30,SANB11
2016-11-30,SBSP3
2016-11-30,SUZB3
2016-11-30,TIMS3
2016-11-30,UGPA3
2016-11-30,USIM5
2016-11-30,VALE3
2016-11-30,VALE5
2016-11-30,VIVT3
2016-11-30,WEGE3
2016-11-30,YDUQ3
2016-12-31,ABEV3
2016-12-31,AMER3
2016-12-31,B3SA3
2016-12-31,BBAS3
2016-12-31,BBDC3
2016-12-31,BBDC4
2016-12-31,BBSE3
2016-12-31,BRAP4
2016-12-31,BRFS3
2016-12-31,BRKM5
2016-12-31,BRML3
2016-12-31,CCRO3
2016-12-31,CIEL3
2016-12-31,CMIG4
2016-12-31,COGN3
2016-12-31,CPFE3
2016-12-31,CPLE6
2016-12-31,CSAN3
2016-12-31,CSNA3
2016-12-31,CYRE3
2016-12-31,ECOR3
2016-12-31,EGIE3
2016-12-31,EMBR3
2016-12-31,ENBR3
2016-12-31,EQTL3
2016-12-31,FIBR3
2016-12-31,GGBR4
2016-12-31,GOAU4
2016-12-31,GOLL4
2016-12-31,HYPE3
2016-12-31,ITSA4
2016-12-31,ITUB4
2016-12-31,JBSS3
2016-12-31,KLBN11
2016-12-31,LREN3
2016-12-31,MRFG3
2016-12-31,MRVE3
2016-12-31,MULT3
2016-12-31,NTCO3
2016-12-31,PCAR3
2016-12-31,PETR3
2016-12-31,PETR4
2016-12-31,QUAL3
2016-12-31,RADL3
2016-12-31,RAIL3
2016-12-31,RENT3
2016-12-31,SANB11
2016-12-31,SBSP3
2016-12-31,SUZB3
2016-12-31,TIMS3
2016-12-31,UGPA3
2016-12-31,USIM5
2016-12-31,VALE3
2016-12-31,VALE5
2016-12-31,VIVT3
2016-12-31,WEGE3
2016-12-31,YDUQ3
2017-01-31,ABEV3
2017-01-31,AMER3
2017-01-31,B3SA3
2017-01-31,BBAS3
2017-01-31,BBDC3
2017-01-31,BBDC4
2017-01-31,BBSE3
2017-01-31,BRAP4
2017-01-31,BRFS3
2017-01-31,BRKM5
2017-01-31,BRML3
2017-01-31,CCRO3
2017-01-31,CIEL3
2017-01-31,CMIG4
2017-01-31,COGN3
2017-01-31,CPFE3
2017-01-31,CPLE6
2017-01-31,CSAN3
2017-01-31,CSNA3
2017-01-31,CYRE3
2017-01-31,ECOR3
2017-01-31,EGIE3
2017-01-31,ELET3
2017-01-31,EMBR3
2017-01-31,ENBR3
2017-01-31,EQTL3
2017-01-31,FIBR3
2017-01-31,GGBR4
2017-01-31,GOAU4
2017-01-31,GOLL4
2017-01-31,HYPE3
2017-01-31,ITSA4
2017-01-31,ITUB4
2017-01-31,JBSS3
2017-01-31,KLBN11
2017-01-31,LREN3
2017-01-31,MRFG3
2017-01-31,MRVE3
2017-01-31,MULT3
2017-01-31,NTCO3
2017-01-31,PCAR3
2017-01-31,PETR3
2017-01-31,PETR4
2017-01-31,QUAL3
2017-01-31,RADL3
2017-01-31,RAIL3
2017-01-31,RENT3
2017-01-31,SANB11
2017-01-31,SBSP3
2017-01-31,SUZB3
2017-01-31,TIMS3
2017-01-31,UGPA3
2017-01-31,USIM5
2017-01-31,VALE3
2017-01-31,VALE5
2017-01-31,VIVT3
2017-01-31,WEGE3
2017-01-31,YDUQ3
2017-02-28,ABEV3
2017-02-28,AMER3
2017-02-28,B3SA3
2017-02-28,BBAS3
2017-02-28,BBDC3
2017-02-28,BBDC4
2017-02-28,BBSE3
2017-02-28,BRAP4
2017-02-28,BRFS3
2017-02-28,BRKM5
2017-02-28,BRML3
2017-02-28,CCRO3
2017-02-28,CIEL3
2017-02-28,CMIG4
2017-02-28,COGN3
2017-02-28,CPFE3
2017-02-28,CPLE6
2017-02-28,CSAN3
2017-02-28,CSNA3
2017-02-28,CYRE3
2017-02-28,ECOR3
2017-02-28,EGIE3
2017-02-28,ELET3
2017-02-28,EMBR3
2017-02-28,ENBR3
2017-02-28,EQTL3
2017-02-28,FIBR3
2017-02-28,GGBR4
2017-02-28,GOAU4
2017-02-28,GOLL4
2017-02-28,HYPE3
2017-02-28,ITSA4
2017-02-28,ITUB4
2017-02-28,JBSS3
2017-02-28,KLBN11
2017-02-28,LREN3
2017-02-28,MRFG3
2017-02-28,MRVE3
2017-02-28,MULT3
2017-02-28,NTCO3
2017-02-28,PCAR3
2017-02-28,PETR3
2017-02-28,PETR4
2017-02-28,QUAL3
2017-02-28,RADL3
2017-02-28,RAIL3
2017-02-28,RENT3
2017-02-28,SANB11
2017-02-28,SBSP3
2017-02-28,SUZB3
2017-02-28,TIMS3
2017-02-28,UGPA3
2017-02-28,USIM5
2017-02-28,VALE3
2017-02-28,VALE5
2017-02-28,VIVT3
2017-02-28,WEGE3
2017-02-28,YDUQ3
2017-03-31,ABEV3
2017-03-31,AMER3
2017-03-31,B3SA3
2017-03-31,BBAS3
2017-03-31,BBDC3
2017-03-31,BBDC4
2017-03-31,BBSE3
2017-03-31,BRAP4
2017-03-31,BRFS3
2017-03-31,BRKM5
2017-03-31,BRML3
2017-03-31,CCRO3
2017-03-31,CIEL3
2017-03-31,CMIG4
2017-03-31,COGN3
2017-03-31,CPFE3
2017-03-31,CPLE6
2017-03-31,CSAN3
2017-03-31,CSNA3
2017-03-31,CYRE3
2017-03-31,ECOR3
2017-03-31,EGIE3
2017-03-31,ELET3
2017-03-31,EMBR3
2017-03-31,ENBR3
2017-03-31,EQTL3
2017-03-31,FIBR3
2017-03-31,GGBR4
2017-03-31,GOAU4
2017-03-31,GOLL4
2017-03-31,HYPE3
2017-03-31,ITSA4
2017-03-31,ITUB4
2017-03-31,JBSS3
2017-03-31,KLBN11
2017-03-31,LREN3
2017-03-31,MRFG3
2017-03-31,MRVE3
2017-03-31,MULT3
2017-03-31,NTCO3
2017-03-31,PCAR3
2017-03-31,PETR3
2017-03-31,PETR4
2017-03-31,QUAL3
2017-03-31,RADL3
2017-03-31,RAIL3
2017-03-31,RENT3
2017-03-31,SANB11
2017-03-31,SBSP3
2017-03-31,SUZB3
2017-03-31,TIMS3
2017-03-31,UGPA3
2017-03-31,USIM5
2017-03-31,VALE3
2017-03-31,VALE5
2017-03-31,VIVT3
2017-03-31,WEGE3
2017-03-31,YDUQ3
2017-04-30,ABEV3
2017-04-30,AMER3
2017-04-30,B3SA3
2017-04-30,BBAS3
2017-04-30,BBDC3
2017-04-30,BBDC4
2017-04-30,BBSE3
2017-04-30,BRAP4
2017-04-30,BRFS3
2017-04-30,BRKM5
2017-04-30,BRML3
2017-04-30,CCRO3
2017-04-30,CIEL3
2017-04-30,CMIG4
2017-04-30,COGN3
2017-04-30,CPFE3
2017-04-30,CPLE6
2017-04-30,CSAN3
2017-04-30,CSNA3
2017-04-30,CYRE3
2017-04-30,ECOR3
2017-04-30,EGIE3
2017-04-30,ELET3
2017-04-30,EMBR3
2017-04-30,ENBR3
2017-04-30,EQTL3
2017-04-30,FIBR3
2017-04-30,GGBR4
2017-04-30,GOAU4
2017-04-30,GOLL4
2017-04-30,HYPE3
2017-04-30,ITSA4
2017-04-30,ITUB4
2017-04-30,JBSS3
2017-04-30,KLBN11
2017-04-30,LREN3
2017-04-30,MRFG3
2017-04-30,MRVE3
2017-04-30,MULT3
2017-04-30,NTCO3
2017-04-30,PCAR3
2017-04-30,PETR3
2017-04-30,PETR4
2017-04-30,QUAL3
2017-04-30,RADL3
2017-04-30,RAIL3
2017-04-30,RENT3
2017-04-30,SANB11
2017-04-30,SBSP3
2017-04-30,SUZB3
2017-04-30,TIMS3
2017-04-30,UGPA3
2017-04-30,USIM5
2017-04-30,VALE3
2017-04-30,VALE5
2017-04-30,VIVT3
2017-04-30,WEGE3
2017-04-30,YDUQ3
2017-05-31,ABEV3
2017-05-31,AMER3
2017-05-31,B3SA3
2017-05-31,BBAS3
2017-05-31,BBDC3
2017-05-31,BBDC4
2017-05-31,BBSE3
2017-05-31,BRAP4
2017-05-31,BRFS3
2017-05-31,BRKM5
2017-05-31,BRML3
2017-05-31,CCRO3
2017-05-31,CIEL3
2017-05-31,CMIG4
2017-05-31,COGN3
2017-05-31,CPFE3
2017-05-31,CPLE6
2017-05-31,CSAN3
2017-05-31,CSNA3
2017-05-31,CYRE3
2017-05-31,ECOR3
2017-05-31,EGIE3
2017-05-31,ELET3
2017-05-31,ELET6
2017-05-31,EMBR3
2017-05-31,ENBR3
2017-05-31,EQTL3
2017-05-31,FIBR3
2017-05-31,GGBR4
2017-05-31,GOAU4
2017-05-31,GOLL4
2017-05-31,HYPE3
2017-05-31,ITSA4
2017-05-31,ITUB4
2017-05-31,JBSS3
2017-05-31,KLBN11
2017-05-31,LREN3
2017-05-31,MRFG3
2017-05-31,MRVE3
2017-05-31,MULT3
2017-05-31,NTCO3
2017-05-31,PCAR3
2017-05-31,PETR3
2017-05-31,PETR4
2017-05-31,QUAL3
2017-05-31,RADL3
2017-05-31,RAIL3
2017-05-31,RENT3
2017-05-31,SANB11
2017-05-31,SBSP3
2017-05-31,SUZB3
2017-05-31,TIMS3
2017-05-31,UGPA3
2017-05-31,USIM5
2017-05-31,VALE3
2017-05-31,VALE5
2017-05-31,VIVT3
2017-05-31,WEGE3
2017-05-31,YDUQ3
2017-06-30,ABEV3
2017-06-30,AMER3
2017-06-30,B3SA3
2017-06-30,BBAS3
2017-06-30,BBDC3
2017-06-30,BBDC4
2017-06-30,BBSE3
2017-06-30,BRAP4
2017-06-30,BRFS3
2017-06-30,BRKM5
2017-06-30,BRML3
2017-06-30,CCRO3
2017-06-30,CIEL3
2017-06-30,CMIG4
2017-06-30,COGN3
2017-06-30,CPFE3
2017-06-30,CPLE6
2017-06-30,CSAN3
2017-06-30,CSNA3
2017-06-30,CYRE3
2017-06-30,ECOR3
2017-06-30,EGIE3
2017-06-30,ELET3
2017-06-30,ELET6
2017-06-30,EMBR3
2017-06-30,ENBR3
2017-06-30,EQTL3
2017-06-30,FIBR3
2017-06-30,GGBR4
2017-06-30,GOAU4
2017-06-30,GOLL4
2017-06-30,HYPE3
2017-06-30,ITSA4
2017-06-30,ITUB4
2017-06-30,JBSS3
2017-06-30,KLBN11
2017-06-30,LREN3
2017-06-30,MRFG3
2017-06-30,MRVE3
2017-06-30,MULT3
2017-06-30,NTCO3
2017-06-30,PCAR3
2017-06-30,PETR3
2017-06-30,PETR4
2017-06-30,QUAL3
2017-06-30,RADL3
2017-06-30,RAIL3
2017-06-30,RENT3
2017-06-30,SANB11
2017-06-30,SBSP3
2017-06-30,SUZB3
2017-06-30,TIMS3
2017-06-30,UGPA3
2017-06-30,USIM5
2017-06-30,VALE3
2017-06-30,VALE5
2017-06-30,VIVT3
2017-06-30,WEGE3
2017-06-30,YDUQ3
2017-07-31,ABEV3
2017-07-31,AMER3
2017-07-31,B3SA3
2017-07-31,BBAS3
2017-07-31,BBDC3
2017-07-31,BBDC4
2017-07-31,BBSE3
2017-07-31,BRAP4
2017-07-31,BRFS3
2017-07-31,BRKM5
2017-07-31,BRML3
2017-07-31,CCRO3
2017-07-31,CIEL3
2017-07-31,CMIG4
2017-07-31,COGN3
2017-07-31,CPFE3
2017-07-31,CPLE6
2017-07-31,CSAN3
2017-07-31,CSNA3
2017-07-31,CYRE3
2017-07-31,ECOR3
2017-07-31,EGIE3
2017-07-31,ELET3
2017-07-31,ELET6
2017-07-31,EMBR3
2017-07-31,ENBR3
2017-07-31,EQTL3
2017-07-31,FIBR3
2017-07-31,GGBR4
2017-07-31,GOAU4
2017-07-31,GOLL4
2017-07-31,HYPE3
2017-07-31,ITSA4
2017-07-31,ITUB4
2017-07-31,JBSS3
2017-07-31,KLBN11
2017-07-31,LREN3
2017-07-31,MRFG3
2017-07-31,MRVE3
2017-07-31,MULT3
2017-07-31,NTCO3
2017-07-31,PCAR3
2017-07-31,PETR3
2017-07-31,PETR4
2017-07-31,QUAL3
2017-07-31,RADL3
2017-07-31,RAIL3
2017-07-31,RENT3
2017-07-31,SANB11
2017-07-31,SBSP3
2017-07-31,SUZB3
2017-07-31,TIMS3
2017-07-31,UGPA3
2017-07-31,USIM5
2017-07-31,VALE3
2017-07-31,VALE5
2017-07-31,VIVT3
2017-07-31,WEGE3
2017-07-31,YDUQ3
2017-08-31,ABEV3
2017-08-31,AMER3
2017-08-31,B3SA3
2017-08-31,BBAS3
2017-08-31,BBDC3
2017-08-31,BBDC4
2017-08-31,BBSE3
2017-08-31,BRAP4
2017-08-31,BRFS3
2017-08-31,BRKM5
2017-08-31,BRML3
2017-08-31,CCRO3
2017-08-31,CIEL3
2017-08-31,CMIG4
2017-08-31,COGN3
2017-08-31,CPFE3
2017-08-31,CPLE6
2017-08-31,CSAN3
2017-08-31,CSNA3
2017-08-31,CYRE3
2017-08-31,ECOR3
2017-08-31,EGIE3
2017-08-31,ELET3
2017-08-31,ELET6
2017-08-31,EMBR3
2017-08-31,ENBR3
2017-08-31,EQTL3
2017-08-31,FIBR3
2017-08-31,GGBR4
2017-08-31,GOAU4
2017-08-31,GOLL4
2017-08-31,HYPE3
2017-08-31,ITSA4
2017-08-31,ITUB4
2017-08-31,JBSS3
2017-08-31,KLBN11
2017-08-31,LREN3
2017-08-31,MRFG3
2017-08-31,MRVE3
2017-08-31,MULT3
2017-08-31,NTCO3
2017-08-31,PCAR3
2017-08-31,PETR3
2017-08-31,PETR4
2017-08-31,QUAL3
2017-08-31,RADL3
2017-08-31,RAIL3
2017-08-31,RENT3
2017-08-31,SANB11
2017-08-31,SBSP3
2017-08-31,SUZB3
2017-08-31,TIMS3
2017-08-31,UGPA3
2017-08-31,USIM5
2017-08-31,VALE3
2017-08-31,VIVT3
2017-08-31,WEGE3
2017-08-31,YDUQ3
2017-09-30,ABEV3
2017-09-30,AMER3
2017-09-30,B3SA3
2017-09-30,BBAS3
2017-09-30,BBDC3
2017-09-30,BBDC4
2017-09-30,BBSE3
2017-09-30,BRAP4
2017-09-30,BRFS3
2017-09-30,BRKM5
2017-09-30,BRML3
2017-09-30,CCRO3
2017-09-30,CIEL3
2017-09-30,CMIG4
2017-09-30,COGN3
2017-09-30,CPFE3
2017-09-30,CPLE6
2017-09-30,CSAN3
2017-09-30,CSNA3
2017-09-30,CYRE3
2017-09-30,ECOR3
2017-09-30,EGIE3
2017-09-30,ELET3
2017-09-30,ELET6
2017-09-30,EMBR3
2017-09-30,ENBR3
2017-09-30,EQTL3
2017-09-30,FIBR3
2017-09-30,GGBR4
2017-09-30,GOAU4
2017-09-30,GOLL4
2017-09-30,HYPE3
2017-09-30,ITSA4
2017-09-30,ITUB4
2017-09-30,JBSS3
2017-09-30,KLBN11
2017-09-30,LREN3
2017-09-30,MRFG3
2017-09-30,MRVE3
2017-09-30,MULT3
2017-09-30,NTCO3
2017-09-30,PCAR3
2017-09-30,PETR3
2017-09-30,PETR4
2017-09-30,QUAL3
2017-09-30,RADL3
2017-09-30,RAIL3
2017-09-30,RENT3
2017-09-30,SANB11
2017-09-30,SBSP3
2017-09-30,SUZB3
2017-09-30,TAEE11
2017-09-30,TIMS3
2017-09-30,UGPA3
2017-09-30,USIM5
2017-09-30,VALE3
2017-09-30,VIVT3
2017-09-30,WEGE3
2017-09-30,YDUQ3
2017-10-31,ABEV3
2017-10-31,AMER3
2017-10-31,B3SA3
2017-10-31,BBAS3
2017-10-31,BBDC3
2017-10-31,BBDC4
2017-10-31,BBSE3
2017-10-31,BRAP4
2017-10-31,BRFS3
2017-10-31,BRKM5
2017-10-31,BRML3
2017-10-31,CCRO3
2017-10-31,CIEL3
2017-10-31,CMIG4
2017-10-31,COGN3
2017-10-31,CPFE3
2017-10-31,CPLE6
2017-10-31,CSAN3
2017-10-31,CSNA3
2017-10-31,CYRE3
2017-10-31,ECOR3
2017-10-31,EGIE3
2017-10-31,ELET3
2017-10-31,ELET6
2017-10-31,EMBR3
2017-10-31,ENBR3
2017-10-31,EQTL3
2017-10-31,FIBR3
2017-10-31,GGBR4
2017-10-31,GOAU4
2017-10-31,GOLL4
2017-10-31,HYPE3
2017-10-31,ITSA4
2017-10-31,ITUB4
2017-10-31,JBSS3
2017-10-31,KLBN11
2017-10-31,LREN3
2017-10-31,MRFG3
2017-10-31,MRVE3
2017-10-31,MULT3
2017-10-31,NTCO3
2017-10-31,PCAR3
2017-10-31,PETR3
2017-10-31,PETR4
2017-10-31,QUAL3
2017-10-31,RADL3
2017-10-31,RAIL3
2017-10-31,RENT3
2017-10-31,SANB11
2017-10-31,SBSP3
2017-10-31,SUZB3
2017-10-31,TAEE11
2017-10-31,TIMS3
2017-10-31,UGPA3
2017-10-31,USIM5
2017-10-31,VALE3
2017-10-31,VIVT3
2017-10-31,WEGE3
2017-10-31,YDUQ3
2017-11-30,ABEV3
2017-11-30,AMER3
2017-11-30,B3SA3
2017-11-30,BBAS3
2017-11-30,BBDC3
2017-11-30,BBDC4
2017-11-30,BBSE3
2017-11-30,BRAP4
2017-11-30,BRFS3
2017-11-30,BRKM5
2017-11-30,BRML3
2017-11-30,CCRO3
2017-11-30,CIEL3
2017-11-30,CMIG4
2017-11-30,COGN3
2017-11-30,CPFE3
2017-11-30,CPLE6
2017-11-30,CSAN3
2017-11-30,CSNA3
2017-11-30,CYRE3
2017-11-30,ECOR3
2017-11-30,EGIE3
2017-11-30,ELET3
2017-11-30,ELET6
2017-11-30,EMBR3
2017-11-30,ENBR3
2017-11-30,EQTL3
2017-11-30,FIBR3
2017-11-30,GGBR4
2017-11-30,GOAU4
2017-11-30,GOLL4
2017-11-30,HYPE3
2017-11-30,ITSA4
2017-11-30,ITUB4
2017-11-30,JBSS3
2017-11-30,KLBN11
2017-11-30,LREN3
2017-11-30,MRFG3
2017-11-30,MRVE3
2017-11-30,MULT3
2017-11-30,NTCO3
2017-11-30,PCAR3
2017-11-30,PETR3
2017-11-30,PETR4
2017-11-30,QUAL3
2017-11-30,RADL3
2017-11-30,RAIL3
2017-11-30,RENT3
2017-11-30,SANB11
2017-11-30,SBSP3
2017-11-30,SUZB3
2017-11-30,TAEE11
2017-11-30,TIMS3
2017-11-30,UGPA3
2017-11-30,USIM5
2017-11-30,VALE3
2017-11-30,VIVT3
2017-11-30,WEGE3
2017-11-30,YDUQ3
2017-12-31,ABEV3
2017-12-31,AMER3
2017-12-31,B3SA3
2017-12-31,BBAS3
2017-12-31,BBDC3
2017-12-31,BBDC4
2017-12-31,BBSE3
2017-12-31,BRAP4
2017-12-31,BRFS3
2017-12-31,BRKM5
2017-12-31,BRML3
2017-12-31,CCRO3
2017-12-31,CIEL3
2017-12-31,CMIG4
2017-12-31,COGN3
2017-12-31,CPFE3
2017-12-31,CPLE6
2017-12-31,CSAN3
2017-12-31,CSNA3
2017-12-31,CYRE3
2017-12-31,ECOR3
2017-12-31,EGIE3
2017-12-31,ELET3
2017-12-31,ELET6
2017-12-31,EMBR3
2017-12-31,ENBR3
2017-12-31,EQTL3
2017-12-31,FIBR3
2017-12-31,GGBR4
2017-12-31,GOAU4
2017-12-31,GOLL4
2017-12-31,HYPE3
2017-12-31,ITSA4
2017-12-31,ITUB4
2017-12-31,JBSS3
2017-12-31,KLBN11
2017-12-31,LREN3
2017-12-31,MRFG3
2017-12-31,MRVE3
2017-12-31,MULT3
2017-12-31,NTCO3
2017-12-31,PCAR3
2017-12-31,PETR3
2017-12-31,PETR4
2017-12-31,QUAL3
2017-12-31,RADL3
2017-12-31,RAIL3
2017-12-31,RENT3
2017-12-31,SANB11
2017-12-31,SBSP3
2017-12-31,SUZB3
2017-12-31,TAEE11
2017-12-31,TIMS3
2017-12-31,UGPA3
2017-12-31,USIM5
2017-12-31,VALE3
2017-12-31,VIVT3
2017-12-31,WEGE3
2017-12-31,YDUQ3
2018-01-31,ABEV3
2018-01-31,AMER3
2018-01-31,B3SA3
2018-01-31,BBAS3
2018-01-31,BBDC3
2018-01-31,BBDC4
2018-01-31,BBSE3
2018-01-31,BRAP4
2018-01-31,BRFS3
2018-01-31,BRKM5
2018-01-31,BRML3
2018-01-31,CCRO3
2018-01-31,CIEL3
2018-01-31,CMIG4
2018-01-31,COGN3
2018-01-31,CPFE3
2018-01-31,CPLE6
2018-01-31,CSAN3
2018-01-31,CSNA3
2018-01-31,CYRE3
2018-01-31,ECOR3
2018-01-31,EGIE3
2018-01-31,ELET3
2018-01-31,ELET6
2018-01-31,EMBR3
2018-01-31,ENBR3
2018-01-31,EQTL3
2018-01-31,FIBR3
2018-01-31,FLRY3
2018-01-31,GGBR4
2018-01-31,GOAU4
2018-01-31,GOLL4
2018-01-31,HYPE3
2018-01-31,ITSA4
2018-01-31,ITUB4
2018-01-31,JBSS3
2018-01-31,JPSA3
2018-01-31,KLBN11
2018-01-31,LREN3
2018-01-31,MGLU3
2018-01-31,MRFG3
2018-01-31,MRVE3
2018-01-31,MULT3
2018-01-31,NTCO3
2018-01-31,PCAR3
2018-01-31,PETR3
2018-01-31,PETR4
2018-01-31,QUAL3
2018-01-31,RADL3
2018-01-31,RAIL3
2018-01-31,RENT3
2018-01-31,SANB11
2018-01-31,SAPR11
2018-01-31,SBSP3
2018-01-31,SUZB3
2018-01-31,TAEE11
2018-01-31,TIMS3
2018-01-31,UGPA3
2018-01-31,USIM5
2018-01-31,VALE3
2018-01-31,VIVT3
2018-01-31,VVAR11
2018-01-31,WEGE3
2018-01-31,YDUQ3
2018-02-28,ABEV3
2018-02-28,AMER3
2018-02-28,B3SA3
2018-02-28,BBAS3
2018-02-28,BBDC3
2018-02-28,BBDC4
2018-02-28,BBSE3
2018-02-28,BRAP4
2018-02-28,BRFS3
2018-02-28,BRKM5
2018-02-28,BRML3
2018-02-28,CCRO3
2018-02-28,CIEL3
2018-02-28,CMIG4
2018-02-28,COGN3
2018-02-28,CPFE3
2018-02-28,CPLE6
2018-02-28,CSAN3
2018-02-28,CSNA3
2018-02-28,CYRE3
2018-02-28,ECOR3
2018-02-28,EGIE3
2018-02-28,ELET3
2018-02-28,ELET6
2018-02-28,EMBR3
2018-02-28,ENBR3
2018-02-28,EQTL3
2018-02-28,FIBR3
2018-02-28,FLRY3
2018-02-28,GGBR4
2018-02-28,GOAU4
2018-02-28,GOLL4
2018-02-28,HYPE3
2018-02-28,ITSA4
2018-02-28,ITUB4
2018-02-28,JBSS3
2018-02-28,JPSA3
2018-02-28,KLBN11
2018-02-28,LREN3
2018-02-28,MGLU3
2018-02-28,MRFG3
2018-02-28,MRVE3
2018-02-28,MULT3
2018-02-28,NTCO3
2018-02-28,PCAR3
2018-02-28,PETR3
2018-02-28,PETR4
2018-02-28,QUAL3
2018-02-28,RADL3
2018-02-28,RAIL3
2018-02-28,RENT3
2018-02-28,SANB11
2018-02-28,SAPR11
2018-02-28,SBSP3
2018-02-28,SUZB3
2018-02-28,TAEE11
2018-02-28,TIMS3
2018-02-28,UGPA3
2018-02-28,USIM5
2018-02-28,VALE3
2018-02-28,VIVT3
2018-02-28,VVAR11
2018-02-28,WEGE3
2018-02-28,YDUQ3
2018-03-31,ABEV3
2018-03-31,AMER3
2018-03-31,B3SA3
2018-03-31,BBAS3
2018-03-31,BBDC3
2018-03-31,BBDC4
2018-03-31,BBSE3
2018-03-31,BRAP4
2018-03-31,BRFS3
2018-03-31,BRKM5
2018-03-31,BRML3
2018-03-31,CCRO3
2018-03-31,CIEL3
2018-03-31,CMIG4
2018-03-31,COGN3
2018-03-31,CPFE3
2018-03-31,CPLE6
2018-03-31,CSAN3
2018-03-31,CSNA3
2018-03-31,CYRE3
2018-03-31,ECOR3
2018-03-31,EGIE3
2018-03-31,ELET3
2018-03-31,ELET6
2018-03-31,EMBR3
2018-03-31,ENBR3
2018-03-31,EQTL3
2018-03-31,FIBR3
2018-03-31,FLRY3
2018-03-31,GGBR4
2018-03-31,GOAU4
2018-03-31,GOLL4
2018-03-31,HYPE3
2018-03-31,ITSA4
2018-03-31,ITUB4
2018-03-31,JBSS3
2018-03-31,JPSA3
2018-03-31,KLBN11
2018-03-31,LREN3
2018-03-31,MGLU3
2018-03-31,MRFG3
2018-03-31,MRVE3
2018-03-31,MULT3
2018-03-31,NTCO3
2018-03-31,PCAR3
2018-03-31,PETR3
2018-03-31,PETR4
2018-03-31,QUAL3
2018-03-31,RADL3
2018-03-31,RAIL3
2018-03-31,RENT3
2018-03-31,SANB11
2018-03-31,SAPR11
2018-03-31,SBSP3
2018-03-31,SUZB3
2018-03-31,TAEE11
2018-03-31,TIMS3
2018-03-31,UGPA3
2018-03-31,USIM5
2018-03-31,VALE3
2018-03-31,VIVT3
2018-03-31,VVAR11
2018-03-31,WEGE3
2018-03-31,YDUQ3
2018-04-30,ABEV3
2018-04-30,AMER3
2018-04-30,B3SA3
2018-04-30,BBAS3
2018-04-30,BBDC3
2018-04-30,BBDC4
2018-04-30,BBSE3
2018-04-30,BRAP4
2018-04-30,BRFS3
2018-04-30,BRKM5
2018-04-30,BRML3
2018-04-30,CCRO3
2018-04-30,CIEL3
2018-04-30,CMIG4
2018-04-30,COGN3
2018-04-30,CPFE3
2018-04-30,CPLE6
2018-04-30,CSAN3
2018-04-30,CSNA3
2018-04-30,CYRE3
2018-04-30,ECOR3
2018-04-30,EGIE3
2018-04-30,ELET3
2018-04-30,ELET6
2018-04-30,EMBR3
2018-04-30,ENBR3
2018-04-30,EQTL3
2018-04-30,FIBR3
2018-04-30,FLRY3
2018-04-30,GGBR4
2018-04-30,GOAU4
2018-04-30,GOLL4
2018-04-30,HYPE3
2018-04-30,ITSA4
2018-04-30,ITUB4
2018-04-30,JBSS3
2018-04-30,JPSA3
2018-04-30,KLBN11
2018-04-30,LREN3
2018-04-30,MGLU3
2018-04-30,MRFG3
2018-04-30,MRVE3
2018-04-30,MULT3
2018-04-30,NTCO3
2018-04-30,PCAR3
2018-04-30,PETR3
2018-04-30,PETR4
2018-04-30,QUAL3
2018-04-30,RADL3
2018-04-30,RAIL3
2018-04-30,RENT3
2018-04-30,SANB11
2018-04-30,SAPR11
2018-04-30,SBSP3
2018-04-30,SUZB3
2018-04-30,TAEE11
2018-04-30,TIMS3
2018-04-30,UGPA3
2018-04-30,USIM5
2018-04-30,VALE3
2018-04-30,VIVT3
2018-04-30,VVAR11
2018-04-30,WEGE3
2018-04-30,YDUQ3
2018-05-31,ABEV3
2018-05-31,AMER3
2018-05-31,B3SA3
2018-05-31,BBAS3
2018-05-31,BBDC3
2018-05-31,BBDC4
2018-05-31,BBSE3
2018-05-31,BRAP4
2018-05-31,BRFS3
2018-05-31,BRKM5
2018-05-31,BRML3
2018-05-31,CCRO3
2018-05-31,CIEL3
2018-05-31,CMIG4
2018-05-31,COGN3
2018-05-31,CPFE3
2018-05-31,CPLE6
2018-05-31,CSAN3
2018-05-31,CSNA3
2018-05-31,CVCB3
2018-05-31,CYRE3
2018-05-31,ECOR3
2018-05-31,EGIE3
2018-05-31,ELET3
2018-05-31,ELET6
2018-05-31,EMBR3
2018-05-31,ENBR3
2018-05-31,EQTL3
2018-05-31,FIBR3
2018-05-31,FLRY3
2018-05-31,GGBR4
2018-05-31,GOAU4
2018-05-31,GOLL4
2018-05-31,HYPE3
2018-05-31,ITSA4
2018-05-31,ITUB4
2018-05-31,JBSS3
2018-05-31,JPSA3
2018-05-31,KLBN11
2018-05-31,LREN3
2018-05-31,MGLU3
2018-05-31,MRFG3
2018-05-31,MRVE3
2018-05-31,MULT3
2018-05-31,NTCO3
2018-05-31,PCAR3
2018-05-31,PETR3
2018-05-31,PETR4
2018-05-31,QUAL3
2018-05-31,RADL3
2018-05-31,RAIL3
2018-05-31,RENT3
2018-05-31,SANB11
2018-05-31,SAPR11
2018-05-31,SBSP3
2018-05-31,SUZB3
2018-05-31,TAEE11
2018-05-31,TIMS3
2018-05-31,UGPA3
2018-05-31,USIM5
2018-05-31,VALE3
2018-05-31,VIVT3
2018-05-31,VVAR11
2018-05-31,WEGE3
2018-05-31,YDUQ3
2018-06-30,ABEV3
2018-06-30,AMER3
2018-06-30,B3SA3
2018-06-30,BBAS3
2018-06-30,BBDC3
2018-06-30,BBDC4
2018-06-30,BBSE3
2018-06-30,BRAP4
2018-06-30,BRFS3
2018-06-30,BRKM5
2018-06-30,BRML3
2018-06-30,CCRO3
2018-06-30,CIEL3
2018-06-30,CMIG4
2018-06-30,COGN3
2018-06-30,CPFE3
2018-06-30,CPLE6
2018-06-30,CSAN3
2018-06-30,CSNA3
2018-06-30,CVCB3
2018-06-30,CYRE3
2018-06-30,ECOR3
2018-06-30,EGIE3
2018-06-30,ELET3
2018-06-30,ELET6
2018-06-30,EMBR3
2018-06-30,ENBR3
2018-06-30,EQTL3
2018-06-30,FIBR3
2018-06-30,FLRY3
2018-06-30,GGBR4
2018-06-30,GOAU4
2018-06-30,GOLL4
2018-06-30,HYPE3
2018-06-30,ITSA4
2018-06-30,ITUB4
2018-06-30,JBSS3
2018-06-30,JPSA3
2018-06-30,KLBN11
2018-06-30,LREN3
2018-06-30,MGLU3
2018-06-30,MRFG3
2018-06-30,MRVE3
2018-06-30,MULT3
2018-06-30,NTCO3
2018-06-30,PCAR3
2018-06-30,PETR3
2018-06-30,PETR4
2018-06-30,QUAL3
2018-06-30,RADL3
2018-06-30,RAIL3
2018-06-30,RENT3
2018-06-30,SANB11
2018-06-30,SAPR11
2018-06-30,SBSP3
2018-06-30,SUZB3
2018-06-30,TAEE11
2018-06-30,TIMS3
2018-06-30,UGPA3
2018-06-30,USIM5
2018-06-30,VALE3
2018-06-30,VIVT3
2018-06-30,VVAR11
2018-06-30,WEGE3
2018-06-30,YDUQ3
2018-07-31,ABEV3
2018-07-31,AMER3
2018-07-31,B3SA3
2018-07-31,BBAS3
2018-07-31,BBDC3
2018-07-31,BBDC4
2018-07-31,BBSE3
2018-07-31,BRAP4
2018-07-31,BRFS3
2018-07-31,BRKM5
2018-07-31,BRML3
2018-07-31,CCRO3
2018-07-31,CIEL3
2018-07-31,CMIG4
2018-07-31,COGN3
2018-07-31,CPFE3
2018-07-31,CPLE6
2018-07-31,CSAN3
2018-07-31,CSNA3
2018-07-31,CVCB3
2018-07-31,CYRE3
2018-07-31,ECOR3
2018-07-31,EGIE3
2018-07-31,ELET3
2018-07-31,ELET6
2018-07-31,EMBR3
2018-07-31,ENBR3
2018-07-31,EQTL3
2018-07-31,FIBR3
2018-07-31,FLRY3
2018-07-31,GGBR4
2018-07-31,GOAU4
2018-07-31,GOLL4
2018-07-31,HYPE3
2018-07-31,ITSA4
2018-07-31,ITUB4
2018-07-31,JBSS3
2018-07-31,JPSA3
2018-07-31,KLBN11
2018-07-31,LREN3
2018-07-31,MGLU3
2018-07-31,MRFG3
2018-07-31,MRVE3
2018-07-31,MULT3
2018-07-31,NTCO3
2018-07-31,PCAR3
2018-07-31,PETR3
2018-07-31,PETR4
2018-07-31,QUAL3
2018-07-31,RADL3
2018-07-31,RAIL3
2018-07-31,RENT3
2018-07-31,SANB11
2018-07-31,SAPR11
2018-07-31,SBSP3
2018-07-31,SUZB3
2018-07-31,TAEE11
2018-07-31,TIMS3
2018-07-31,UGPA3
2018-07-31,USIM5
2018-07-31,VALE3
2018-07-31,VIVT3
2018-07-31,VVAR11
2018-07-31,WEGE3
2018-07-31,YDUQ3
2018-08-31,ABEV3
2018-08-31,AMER3
2018-08-31,B3SA3
2018-08-31,BBAS3
2018-08-31,BBDC3
2018-08-31,BBDC4
2018-08-31,BBSE3
2018-08-31,BRAP4
2018-08-31,BRFS3
2018-08-31,BRKM5
2018-08-31,BRML3
2018-08-31,CCRO3
2018-08-31,CIEL3
2018-08-31,CMIG4
2018-08-31,COGN3
2018-08-31,CPFE3
2018-08-31,CPLE6
2018-08-31,CSAN3
2018-08-31,CSNA3
2018-08-31,CVCB3
2018-08-31,CYRE3
2018-08-31,ECOR3
2018-08-31,EGIE3
2018-08-31,ELET3
2018-08-31,ELET6
2018-08-31,EMBR3
2018-08-31,ENBR3
2018-08-31,EQTL3
2018-08-31,FIBR3
2018-08-31,FLRY3
2018-08-31,GGBR4
2018-08-31,GOAU4
2018-08-31,GOLL4
2018-08-31,HYPE3
2018-08-31,ITSA4
2018-08-31,ITUB4
2018-08-31,JBSS3
2018-08-31,JPSA3
2018-08-31,KLBN11
2018-08-31,LREN3
2018-08-31,MGLU3
2018-08-31,MRFG3
2018-08-31,MRVE3
2018-08-31,MULT3
2018-08-31,NTCO3
2018-08-31,PCAR3
2018-08-31,PETR3
2018-08-31,PETR4
2018-08-31,QUAL3
2018-08-31,RADL3
2018-08-31,RAIL3
2018-08-31,RENT3
2018-08-31,SANB11
2018-08-31,SAPR11
2018-08-31,SBSP3
2018-08-31,SUZB3
2018-08-31,TAEE11
2018-08-31,TIMS3
2018-08-31,UGPA3
2018-08-31,USIM5
2018-08-31,VALE3
2018-08-31,VIVT3
2018-08-31,VVAR11
2018-08-31,WEGE3
2018-08-31,YDUQ3
2018-09-30,ABEV3
2018-09-30,AMER3
2018-09-30,B3SA3
2018-09-30,BBAS3
2018-09-30,BBDC3
2018-09-30,BBDC4
2018-09-30,BBSE3
2018-09-30,BRAP4
2018-09-30,BRFS3
2018-09-30,BRKM5
2018-09-30,BRML3
2018-09-30,CCRO3
2018-09-30,CIEL3
2018-09-30,CMIG4
2018-09-30,COGN3
2018-09-30,CPLE6
2018-09-30,CSAN3
2018-09-30,CSNA3
2018-09-30,CVCB3
2018-09-30,CYRE3
2018-09-30,ECOR3
2018-09-30,EGIE3
2018-09-30,ELET3
2018-09-30,ELET6
2018-09-30,EMBR3
2018-09-30,ENBR3
2018-09-30,EQTL3
2018-09-30,FIBR3
2018-09-30,FLRY3
2018-09-30,GGBR4
2018-09-30,GOAU4
2018-09-30,GOLL4
2018-09-30,HYPE3
2018-09-30,ITSA4
2018-09-30,ITUB4
2018-09-30,JBSS3
2018-09-30,JPSA3
2018-09-30,KLBN11
2018-09-30,LREN3
2018-09-30,MGLU3
2018-09-30,MRFG3
2018-09-30,MRVE3
2018-09-30,MULT3
2018-09-30,NTCO3
2018-09-30,PCAR3
2018-09-30,PETR3
2018-09-30,PETR4
2018-09-30,QUAL3
2018-09-30,RADL3
2018-09-30,RAIL3
2018-09-30,RENT3
2018-09-30,SANB11
2018-09-30,SBSP3
2018-09-30,SUZB3
2018-09-30,TAEE11
2018-09-30,TIMS3
2018-09-30,UGPA3
2018-09-30,USIM5
2018-09-30,VALE3
2018-09-30,VIVT3
2018-09-30,VVAR11
2018-09-30,WEGE3
2018-09-30,YDUQ3
2018-10-31,ABEV3
2018-10-31,AMER3
2018-10-31,B3SA3
2018-10-31,BBAS3
2018-10-31,BBDC3
2018-10-31,BBDC4
2018-10-31,BBSE3
2018-10-31,BRAP4
2018-10-31,BRFS3
2018-10-31,BRKM5
2018-10-31,BRML3
2018-10-31,CCRO3
2018-10-31,CIEL3
2018-10-31,CMIG4
2018-10-31,COGN3
2018-10-31,CPLE6
2018-10-31,CSAN3
2018-10-31,CSNA3
2018-10-31,CVCB3
2018-10-31,CYRE3
2018-10-31,ECOR3
2018-10-31,EGIE3
2018-10-31,ELET3
2018-10-31,ELET6
2018-10-31,EMBR3
2018-10-31,ENBR3
2018-10-31,EQTL3
2018-10-31,FIBR3
2018-10-31,FLRY3
2018-10-31,GGBR4
2018-10-31,GOAU4
2018-10-31,GOLL4
2018-10-31,HYPE3
2018-10-31,ITSA4
2018-10-31,ITUB4
2018-10-31,JBSS3
2018-10-31,JPSA3
2018-10-31,KLBN11
2018-10-31,LREN3
2018-10-31,MGLU3
2018-10-31,MRFG3
2018-10-31,MRVE3
2018-10-31,MULT3
2018-10-31,NTCO3
2018-10-31,PCAR3
2018-10-31,PETR3
2018-10-31,PETR4
2018-10-31,QUAL3
2018-10-31,RADL3
2018-10-31,RAIL3
2018-10-31,RENT3
2018-10-31,SANB11
2018-10-31,SBSP3
2018-10-31,SUZB3
2018-10-31,TAEE11
2018-10-31,TIMS3
2018-10-31,UGPA3
2018-10-31,USIM5
2018-10-31,VALE3
2018-10-31,VIVT3
2018-10-31,VVAR11
2018-10-31,WEGE3
2018-10-31,YDUQ3
2018-11-30,ABEV3
2018-11-30,AMER3
2018-11-30,B3SA3
2018-11-30,BBAS3
2018-11-30,BBDC3
2018-11-30,BBDC4
2018-11-30,BBSE3
2018-11-30,BRAP4
2018-11-30,BRFS3
2018-11-30,BRKM5
2018-11-30,BRML3
2018-11-30,CCRO3
2018-11-30,CIEL3
2018-11-30,CMIG4
2018-11-30,COGN3
2018-11-30,CPLE6
2018-11-30,CSAN3
2018-11-30,CSNA3
2018-11-30,CVCB3
2018-11-30,CYRE3
2018-11-30,ECOR3
2018-11-30,EGIE3
2018-11-30,ELET3
2018-11-30,ELET6
2018-11-30,EMBR3
2018-11-30,ENBR3
2018-11-30,EQTL3
2018-11-30,FIBR3
2018-11-30,FLRY3
2018-11-30,GGBR4
2018-11-30,GOAU4
2018-11-30,GOLL4
2018-11-30,HYPE3
2018-11-30,ITSA4
2018-11-30,ITUB4
2018-11-30,JBSS3
2018-11-30,JPSA3
2018-11-30,KLBN11
2018-11-30,LREN3
2018-11-30,MGLU3
2018-11-30,MRFG3
2018-11-30,MRVE3
2018-11-30,MULT3
2018-11-30,NTCO3
2018-11-30,PCAR3
2018-11-30,PETR3
2018-11-30,PETR4
2018-11-30,QUAL3
2018-11-30,RADL3
2018-11-30,RAIL3
2018-11-30,RENT3
2018-11-30,SANB11
2018-11-30,SBSP3
2018-11-30,SUZB3
2018-11-30,TAEE11
2018-11-30,TIMS3
2018-11-30,UGPA3
2018-11-30,USIM5
2018-11-30,VALE3
2018-11-30,VIIA3
2018-11-30,VIVT3
2018-11-30,WEGE3
2018-11-30,YDUQ3
2018-12-31,ABEV3
2018-12-31,AMER3
2018-12-31,B3SA3
2018-12-31,BBAS3
2018-12-31,BBDC3
2018-12-31,BBDC4
2018-12-31,BBSE3
2018-12-31,BRAP4
2018-12-31,BRFS3
2018-12-31,BRKM5
2018-12-31,BRML3
2018-12-31,CCRO3
2018-12-31,CIEL3
2018-12-31,CMIG4
2018-12-31,COGN3
2018-12-31,CPLE6
2018-12-31,CSAN3
2018-12-31,CSNA3
2018-12-31,CVCB3
2018-12-31,CYRE3
2018-12-31,ECOR3
2018-12-31,EGIE3
2018-12-31,ELET3
2018-12-31,ELET6
2018-12-31,EMBR3
2018-12-31,ENBR3
2018-12-31,EQTL3
2018-12-31,FIBR3
2018-12-31,FLRY3
2018-12-31,GGBR4
2018-12-31,GOAU4
2018-12-31,GOLL4
2018-12-31,HYPE3
2018-12-31,ITSA4
2018-12-31,ITUB4
2018-12-31,JBSS3
2018-12-31,JPSA3
2018-12-31,KLBN11
2018-12-31,LOGG3
2018-12-31,LREN3
2018-12-31,MGLU3
2018-12-31,MRFG3
2018-12-31,MRVE3
2018-12-31,MULT3
2018-12-31,NTCO3
2018-12-31,PCAR3
2018-12-31,PETR3
2018-12-31,PETR4
2018-12-31,QUAL3
2018-12-31,RADL3
2018-12-31,RAIL3
2018-12-31,RENT3
2018-12-31,SANB11
2018-12-31,SBSP3
2018-12-31,SUZB3
2018-12-31,TAEE11
2018-12-31,TIMS3
2018-12-31,UGPA3
2018-12-31,USIM5
2018-12-31,VALE3
2018-12-31,VIIA3
2018-12-31,VIVT3
2018-12-31,WEGE3
2018-12-31,YDUQ3
2019-01-31,ABEV3
2019-01-31,AMER3
2019-01-31,B3SA3
2019-01-31,BBAS3
2019-01-31,BBDC3
2019-01-31,BBDC4
2019-01-31,BBSE3
2019-01-31,BRAP4
2019-01-31,BRFS3
2019-01-31,BRKM5
2019-01-31,BRML3
2019-01-31,CCRO3
2019-01-31,CIEL3
2019-01-31,CMIG4
2019-01-31,COGN3
2019-01-31,CSAN3
2019-01-31,CSNA3
2019-01-31,CVCB3
2019-01-31,CYRE3
2019-01-31,ECOR3
2019-01-31,EGIE3
2019-01-31,ELET3
2019-01-31,ELET6
2019-01-31,EMBR3
2019-01-31,ENBR3
2019-01-31,EQTL3
2019-01-31,FLRY3
2019-01-31,GGBR4
2019-01-31,GOAU4
2019-01-31,GOLL4
2019-01-31,HYPE3
2019-01-31,ITSA4
2019-01-31,ITUB4
2019-01-31,JBSS3
2019-01-31,JPSA3
2019-01-31,KLBN11
2019-01-31,LOGG3
2019-01-31,LREN3
2019-01-31,MGLU3
2019-01-31,MRFG3
2019-01-31,MRVE3
2019-01-31,MULT3
2019-01-31,NTCO3
2019-01-31,PCAR3
2019-01-31,PETR3
2019-01-31,PETR4
2019-01-31,QUAL3
2019-01-31,RADL3
2019-01-31,RAIL3
2019-01-31,RENT3
2019-01-31,SANB11
2019-01-31,SBSP3
2019-01-31,SUZB3
2019-01-31,TAEE11
2019-01-31,TIMS3
2019-01-31,UGPA3
2019-01-31,USIM5
2019-01-31,VALE3
2019-01-31,VBBR3
2019-01-31,VIIA3
2019-01-31,VIVT3
2019-01-31,WEGE3
2019-01-31,YDUQ3
2019-02-28,ABEV3
2019-02-28,AMER3
2019-02-28,B3SA3
2019-02-28,BBAS3
2019-02-28,BBDC3
2019-02-28,BBDC4
2019-02-28,BBSE3
2019-02-28,BRAP4
2019-02-28,BRFS3
2019-02-28,BRKM5
2019-02-28,BRML3
2019-02-28,CCRO3
2019-02-28,CIEL3
2019-02-28,CMIG4
2019-02-28,COGN3
2019-02-28,CSAN3
2019-02-28,CSNA3
2019-02-28,CVCB3
2019-02-28,CYRE3
2019-02-28,ECOR3
2019-02-28,EGIE3
2019-02-28,ELET3
2019-02-28,ELET6
2019-02-28,EMBR3
2019-02-28,ENBR3
2019-02-28,EQTL3
2019-02-28,FLRY3
2019-02-28,GGBR4
2019-02-28,GOAU4
2019-02-28,GOLL4
2019-02-28,HYPE3
2019-02-28,ITSA4
2019-02-28,ITUB4
2019-02-28,JBSS3
2019-02-28,JPSA3
2019-02-28,KLBN11
2019-02-28,LOGG3
2019-02-28,LREN3
2019-02-28,MGLU3
2019-02-28,MRFG3
2019-02-28,MRVE3
2019-02-28,MULT3
2019-02-28,NTCO3
2019-02-28,PCAR3
2019-02-28,PETR3
2019-02-28,PETR4
2019-02-28,QUAL3
2019-02-28,RADL3
2019-02-28,RAIL3
2019-02-28,RENT3
2019-02-28,SANB11
2019-02-28,SBSP3
2019-02-28,SUZB3
2019-02-28,TAEE11
2019-02-28,TIMS3
2019-02-28,UGPA3
2019-02-28,USIM5
2019-02-28,VALE3
2019-02-28,VBBR3
2019-02-28,VIIA3
2019-02-28,VIVT3
2019-02-28,WEGE3
2019-02-28,YDUQ3
2019-03-31,ABEV3
2019-03-31,AMER3
2019-03-31,B3SA3
2019-03-31,BBAS3
2019-03-31,BBDC3
2019-03-31,BBDC4
2019-03-31,BBSE3
2019-03-31,BRAP4
2019-03-31,BRFS3
2019-03-31,BRKM5
2019-03-31,BRML3
2019-03-31,CCRO3
2019-03-31,CIEL3
2019-03-31,CMIG4
2019-03-31,COGN3
2019-03-31,CSAN3
2019-03-31,CSNA3
2019-03-31,CVCB3
2019-03-31,CYRE3
2019-03-31,ECOR3
2019-03-31,EGIE3
2019-03-31,ELET3
2019-03-31,ELET6
2019-03-31,EMBR3
2019-03-31,ENBR3
2019-03-31,EQTL3
2019-03-31,FLRY3
2019-03-31,GGBR4
2019-03-31,GOAU4
2019-03-31,GOLL4
2019-03-31,HYPE3
2019-03-31,ITSA4
2019-03-31,ITUB4
2019-03-31,JBSS3
2019-03-31,JPSA3
2019-03-31,KLBN11
2019-03-31,LOGG3
2019-03-31,LREN3
2019-03-31,MGLU3
2019-03-31,MRFG3
2019-03-31,MRVE3
2019-03-31,MULT3
2019-03-31,NTCO3
2019-03-31,PCAR3
2019-03-31,PETR3
2019-03-31,PETR4
2019-03-31,QUAL3
2019-03-31,RADL3
2019-03-31,RAIL3
2019-03-31,RENT3
2019-03-31,SANB11
2019-03-31,SBSP3
2019-03-31,SUZB3
2019-03-31,TAEE11
2019-03-31,TIMS3
2019-03-31,UGPA3
2019-03-31,USIM5
2019-03-31,VALE3
2019-03-31,VBBR3
2019-03-31,VIIA3
2019-03-31,VIVT3
2019-03-31,WEGE3
2019-03-31,YDUQ3
2019-04-30,ABEV3
2019-04-30,AMER3
2019-04-30,B3SA3
2019-04-30,BBAS3
2019-04-30,BBDC3
2019-04-30,BBDC4
2019-04-30,BBSE3
2019-04-30,BRAP4
2019-04-30,BRFS3
2019-04-30,BRKM5
2019-04-30,BRML3
2019-04-30,CCRO3
2019-04-30,CIEL3
2019-04-30,CMIG4
2019-04-30,COGN3
2019-04-30,CSAN3
2019-04-30,CSNA3
2019-04-30,CVCB3
2019-04-30,CYRE3
2019-04-30,ECOR3
2019-04-30,EGIE3
2019-04-30,ELET3
2019-04-30,ELET6
2019-04-30,EMBR3
2019-04-30,ENBR3
2019-04-30,EQTL3
2019-04-30,FLRY3
2019-04-30,GGBR4
2019-04-30,GOAU4
2019-04-30,GOLL4
2019-04-30,HYPE3
2019-04-30,ITSA4
2019-04-30,ITUB4
2019-04-30,JBSS3
2019-04-30,JPSA3
2019-04-30,KLBN11
2019-04-30,LOGG3
2019-04-30,LREN3
2019-04-30,MGLU3
2019-04-30,MRFG3
2019-04-30,MRVE3
2019-04-30,MULT3
2019-04-30,NTCO3
2019-04-30,PCAR3
2019-04-30,PETR3
2019-04-30,PETR4
2019-04-30,QUAL3
2019-04-30,RADL3
2019-04-30,RAIL3
2019-04-30,RENT3
2019-04-30,SANB11
2019-04-30,SBSP3
2019-04-30,SUZB3
2019-04-30,TAEE11
2019-04-30,TIMS3
2019-04-30,UGPA3
2019-04-30,USIM5
2019-04-30,VALE3
2019-04-30,VBBR3
2019-04-30,VIIA3
2019-04-30,VIVT3
2019-04-30,WEGE3
2019-04-30,YDUQ3
2019-05-31,ABEV3
2019-05-31,AMER3
2019-05-31,AZUL4
2019-05-31,B3SA3
2019-05-31,BBAS3
2019-05-31,BBDC3
2019-05-31,BBDC4
2019-05-31,BBSE3
2019-05-31,BRAP4
2019-05-31,BRFS3
2019-05-31,BRKM5
2019-05-31,BRML3
2019-05-31,CCRO3
2019-05-31,CIEL3
2019-05-31,CMIG4
2019-05-31,COGN3
2019-05-31,CSAN3
2019-05-31,CSNA3
2019-05-31,CVCB3
2019-05-31,CYRE3
2019-05-31,ECOR3
2019-05-31,EGIE3
2019-05-31,ELET3
2019-05-31,ELET6
2019-05-31,EMBR3
2019-05-31,ENBR3
2019-05-31,EQTL3
2019-05-31,FLRY3
2019-05-31,GGBR4
2019-05-31,GOAU4
2019-05-31,GOLL4
2019-05-31,HYPE3
2019-05-31,IRBR3
2019-05-31,ITSA4
2019-05-31,ITUB4
2019-05-31,JBSS3
2019-05-31,JPSA3
2019-05-31,KLBN11
2019-05-31,LREN3
2019-05-31,MGLU3
2019-05-31,MRFG3
2019-05-31,MRVE3
2019-05-31,MULT3
2019-05-31,NTCO3
2019-05-31,PCAR3
2019-05-31,PETR3
2019-05-31,PETR4
2019-05-31,QUAL3
2019-05-31,RADL3
2019-05-31,RAIL3
2019-05-31,RENT3
2019-05-31,SANB11
2019-05-31,SBSP3
2019-05-31,SUZB3
2019-05-31,TAEE11
2019-05-31,TIMS3
2019-05-31,UGPA3
2019-05-31,USIM5
2019-05-31,VALE3
2019-05-31,VBBR3
2019-05-31,VIIA3
2019-05-31,VIVT3
2019-05-31,WEGE3
2019-05-31,YDUQ3
2019-06-30,ABEV3
2019-06-30,AMER3
2019-06-30,AZUL4
2019-06-30,B3SA3
2019-06-30,BBAS3
2019-06-30,BBDC3
2019-06-30,BBDC4
2019-06-30,BBSE3
2019-06-30,BRAP4
2019-06-30,BRFS3
2019-06-30,BRKM5
2019-06-30,BRML3
2019-06-30,CCRO3
2019-06-30,CIEL3
2019-06-30,CMIG4
2019-06-30,COGN3
2019-06-30,CSAN3
2019-06-30,CSNA3
2019-06-30,CVCB3
2019-06-30,CYRE3
2019-06-30,ECOR3
2019-06-30,EGIE3
2019-06-30,ELET3
2019-06-30,ELET6
2019-06-30,EMBR3
2019-06-30,ENBR3
2019-06-30,EQTL3
2019-06-30,FLRY3
2019-06-30,GGBR4
2019-06-30,GOAU4
2019-06-30,GOLL4
2019-06-30,HYPE3
2019-06-30,IRBR3
2019-06-30,ITSA4
2019-06-30,ITUB4
2019-06-30,JBSS3
2019-06-30,JPSA3
2019-06-30,KLBN11
2019-06-30,LREN3
2019-06-30,MGLU3
2019-06-30,MRFG3
2019-06-30,MRVE3
2019-06-30,MULT3
2019-06-30,NTCO3
2019-06-30,PCAR3
2019-06-30,PETR3
2019-06-30,PETR4
2019-06-30,QUAL3
2019-06-30,RADL3
2019-06-30,RAIL3
2019-06-30,RENT3
2019-06-30,SANB11
2019-06-30,SBSP3
2019-06-30,SUZB3
2019-06-30,TAEE11
2019-06-30,TIMS3
2019-06-30,UGPA3
2019-06-30,USIM5
2019-06-30,VALE3
2019-06-30,VBBR3
2019-06-30,VIIA3
2019-06-30,VIVT3
2019-06-30,WEGE3
2019-06-30,YDUQ3
2019-07-31,ABEV3
2019-07-31,AMER3
2019-07-31,AZUL4
2019-07-31,B3SA3
2019-07-31,BBAS3
2019-07-31,BBDC3
2019-07-31,BBDC4
2019-07-31,BBSE3
2019-07-31,BRAP4
2019-07-31,BRFS3
2019-07-31,BRKM5
2019-07-31,BRML3
2019-07-31,CCRO3
2019-07-31,CIEL3
2019-07-31,CMIG4
2019-07-31,COGN3
2019-07-31,CSAN3
2019-07-31,CSNA3
2019-07-31,CVCB3
2019-07-31,CYRE3
2019-07-31,ECOR3
2019-07-31,EGIE3
2019-07-31,ELET3
2019-07-31,ELET6
2019-07-31,EMBR3
2019-07-31,ENBR3
2019-07-31,EQTL3
2019-07-31,FLRY3
2019-07-31,GGBR4
2019-07-31,GOAU4
2019-07-31,GOLL4
2019-07-31,HYPE3
2019-07-31,IRBR3
2019-07-31,ITSA4
2019-07-31,ITUB4
2019-07-31,JBSS3
2019-07-31,JPSA3
2019-07-31,KLBN11
2019-07-31,LREN3
2019-07-31,MGLU3
2019-07-31,MRFG3
2019-07-31,MRVE3
2019-07-31,MULT3
2019-07-31,NTCO3
2019-07-31,PCAR3
2019-07-31,PETR3
2019-07-31,PETR4
2019-07-31,QUAL3
2019-07-31,RADL3
2019-07-31,RAIL3
2019-07-31,RENT3
2019-07-31,SANB11
2019-07-31,SBSP3
2019-07-31,SUZB3
2019-07-31,TAEE11
2019-07-31,TIMS3
2019-07-31,UGPA3
2019-07-31,USIM5
2019-07-31,VALE3
2019-07-31,VBBR3
2019-07-31,VIIA3
2019-07-31,VIVT3
2019-07-31,WEGE3
2019-07-31,YDUQ3
2019-08-31,ABEV3
2019-08-31,AMER3
2019-08-31,AZUL4
2019-08-31,B3SA3
2019-08-31,BBAS3
2019-08-31,BBDC3
2019-08-31,BBDC4
2019-08-31,BBSE3
2019-08-31,BRAP4
2019-08-31,BRFS3
2019-08-31,BRKM5
2019-08-31,BRML3
2019-08-31,CCRO3
2019-08-31,CIEL3
2019-08-31,CMIG4
2019-08-31,COGN3
2019-08-31,CSAN3
2019-08-31,CSNA3
2019-08-31,CVCB3
2019-08-31,CYRE3
2019-08-31,ECOR3
2019-08-31,EGIE3
2019-08-31,ELET3
2019-08-31,ELET6
2019-08-31,EMBR3
2019-08-31,ENBR3
2019-08-31,EQTL3
2019-08-31,FLRY3
2019-08-31,GGBR4
2019-08-31,GOAU4
2019-08-31,GOLL4
2019-08-31,HYPE3
2019-08-31,IRBR3
2019-08-31,ITSA4
2019-08-31,ITUB4
2019-08-31,JBSS3
2019-08-31,JPSA3
2019-08-31,KLBN11
2019-08-31,LREN3
2019-08-31,MGLU3
2019-08-31,MRFG3
2019-08-31,MRVE3
2019-08-31,MULT3
2019-08-31,NTCO3
2019-08-31,PCAR3
2019-08-31,PETR3
2019-08-31,PETR4
2019-08-31,QUAL3
2019-08-31,RADL3
2019-08-31,RAIL3
2019-08-31,RENT3
2019-08-31,SANB11
2019-08-31,SBSP3
2019-08-31,SUZB3
2019-08-31,TAEE11
2019-08-31,TIMS3
2019-08-31,UGPA3
2019-08-31,USIM5
2019-08-31,VALE3
2019-08-31,VBBR3
2019-08-31,VIIA3
2019-08-31,VIVT3
2019-08-31,WEGE3
2019-08-31,YDUQ3
2019-09-30,ABEV3
2019-09-30,AMER3
2019-09-30,AZUL4
2019-09-30,B3SA3
2019-09-30,BBAS3
2019-09-30,BBDC3
2019-09-30,BBDC4
2019-09-30,BBSE3
2019-09-30,BPAC11
2019-09-30,BRAP4
2019-09-30,BRFS3
2019-09-30,BRKM5
2019-09-30,BRML3
2019-09-30,CCRO3
2019-09-30,CIEL3
2019-09-30,CMIG4
2019-09-30,COGN3
2019-09-30,CSAN3
2019-09-30,CSNA3
2019-09-30,CVCB3
2019-09-30,CYRE3
2019-09-30,ECOR3
2019-09-30,EGIE3
2019-09-30,ELET3
2019-09-30,ELET6
2019-09-30,EMBR3
2019-09-30,ENBR3
2019-09-30,EQTL3
2019-09-30,FLRY3
2019-09-30,GGBR4
2019-09-30,GOAU4
2019-09-30,GOLL4
2019-09-30,HAPV3
2019-09-30,HYPE3
2019-09-30,IRBR3
2019-09-30,ITSA4
2019-09-30,ITUB4
2019-09-30,JBSS3
2019-09-30,JPSA3
2019-09-30,KLBN11
2019-09-30,LREN3
2019-09-30,MGLU3
2019-09-30,MRFG3
2019-09-30,MRVE3
2019-09-30,MULT3
2019-09-30,NTCO3
2019-09-30,PCAR3
2019-09-30,PETR3
2019-09-30,PETR4
2019-09-30,QUAL3
2019-09-30,RADL3
2019-09-30,RAIL3
2019-09-30,RENT3
2019-09-30,SANB11
2019-09-30,SBSP3
2019-09-30,SUZB3
2019-09-30,TAEE11
2019-09-30,TIMS3
2019-09-30,UGPA3
2019-09-30,USIM5
2019-09-30,VALE3
2019-09-30,VBBR3
2019-09-30,VIIA3
2019-09-30,VIVT3
2019-09-30,WEGE3
2019-09-30,YDUQ3
2019-10-31,ABEV3
2019-10-31,AMER3
2019-10-31,AZUL4
2019-10-31,B3SA3
2019-10-31,BBAS3
2019-10-31,BBDC3
2019-10-31,BBDC4
2019-10-31,BBSE3
2019-10-31,BPAC11
2019-10-31,BRAP4
2019-10-31,BRFS3
2019-10-31,BRKM5
2019-10-31,BRML3
2019-10-31,CCRO3
2019-10-31,CIEL3
2019-10-31,CMIG4
2019-10-31,COGN3
2019-10-31,CSAN3
2019-10-31,CSNA3
2019-10-31,CVCB3
2019-10-31,CYRE3
2019-10-31,ECOR3
2019-10-31,EGIE3
2019-10-31,ELET3
2019-10-31,ELET6
2019-10-31,EMBR3
2019-10-31,ENBR3
2019-10-31,EQTL3
2019-10-31,FLRY3
2019-10-31,GGBR4
2019-10-31,GOAU4
2019-10-31,GOLL4
2019-10-31,HAPV3
2019-10-31,HYPE3
2019-10-31,IRBR3
2019-10-31,ITSA4
2019-10-31,ITUB4
2019-10-31,JBSS3
2019-10-31,JPSA3
2019-10-31,KLBN11
2019-10-31,LREN3
2019-10-31,MGLU3
2019-10-31,MRFG3
2019-10-31,MRVE3
2019-10-31,MULT3
2019-10-31,NTCO3
2019-10-31,PCAR3
2019-10-31,PETR3
2019-10-31,PETR4
2019-10-31,QUAL3
2019-10-31,RADL3
2019-10-31,RAIL3
2019-10-31,RENT3
2019-10-31,SANB11
2019-10-31,SBSP3
2019-10-31,SUZB3
2019-10-31,TAEE11
2019-10-31,TIMS3
2019-10-31,UGPA3
2019-10-31,USIM5
2019-10-31,VALE3
2019-10-31,VBBR3
2019-10-31,VIIA3
2019-10-31,VIVT3
2019-10-31,WEGE3
2019-10-31,YDUQ3
2019-11-30,ABEV3
2019-11-30,AMER3
2019-11-30,AZUL4
2019-11-30,B3SA3
2019-11-30,BBAS3
2019-11-30,BBDC3
2019-11-30,BBDC4
2019-11-30,BBSE3
2019-11-30,BPAC11
2019-11-30,BRAP4
2019-11-30,BRFS3
2019-11-30,BRKM5
2019-11-30,BRML3
2019-11-30,CCRO3
2019-11-30,CIEL3
2019-11-30,CMIG4
2019-11-30,COGN3
2019-11-30,CSAN3
2019-11-30,CSNA3
2019-11-30,CVCB3
2019-11-30,CYRE3
2019-11-30,ECOR3
2019-11-30,EGIE3
2019-11-30,ELET3
2019-11-30,ELET6
2019-11-30,EMBR3
2019-11-30,ENBR3
2019-11-30,EQTL3
2019-11-30,FLRY3
2019-11-30,GGBR4
2019-11-30,GOAU4
2019-11-30,GOLL4
2019-11-30,HAPV3
2019-11-30,HYPE3
2019-11-30,IRBR3
2019-11-30,ITSA4
2019-11-30,ITUB4
2019-11-30,JBSS3
2019-11-30,JPSA3
2019-11-30,KLBN11
2019-11-30,LREN3
2019-11-30,MGLU3
2019-11-30,MRFG3
2019-11-30,MRVE3
2019-11-30,MULT3
2019-11-30,NTCO3
2019-11-30,PCAR3
2019-11-30,PETR3
2019-11-30,PETR4
2019-11-30,QUAL3
2019-11-30,RADL3
2019-11-30,RAIL3
2019-11-30,RENT3
2019-11-30,SANB11
2019-11-30,SBSP3
2019-11-30,SUZB3
2019-11-30,TAEE11
2019-11-30,TIMS3
2019-11-30,UGPA3
2019-11-30,USIM5
2019-11-30,VALE3
2019-11-30,VBBR3
2019-11-30,VIIA3
2019-11-30,VIVT3
2019-11-30,WEGE3
2019-11-30,YDUQ3
2019-12-31,ABEV3
2019-12-31,AMER3
2019-12-31,AZUL4
2019-12-31,B3SA3
2019-12-31,BBAS3
2019-12-31,BBDC3
2019-12-31,BBDC4
2019-12-31,BBSE3
2019-12-31,BPAC11
2019-12-31,BRAP4
2019-12-31,BRFS3
2019-12-31,BRKM5
2019-12-31,BRML3
2019-12-31,CCRO3
2019-12-31,CIEL3
2019-12-31,CMIG4
2019-12-31,COGN3
2019-12-31,CSAN3
2019-12-31,CSNA3
2019-12-31,CVCB3
2019-12-31,CYRE3
2019-12-31,ECOR3
2019-12-31,EGIE3
2019-12-31,ELET3
2019-12-31,ELET6
2019-12-31,EMBR3
2019-12-31,ENBR3
2019-12-31,EQTL3
2019-12-31,FLRY3
2019-12-31,GGBR4
2019-12-31,GOAU4
2019-12-31,GOLL4
2019-12-31,HAPV3
2019-12-31,HYPE3
2019-12-31,IRBR3
2019-12-31,ITSA4
2019-12-31,ITUB4
2019-12-31,JBSS3
2019-12-31,JPSA3
2019-12-31,KLBN11
2019-12-31,LREN3
2019-12-31,MGLU3
2019-12-31,MRFG3
2019-12-31,MRVE3
2019-12-31,MULT3
2019-12-31,NTCO3
2019-12-31,PCAR3
2019-12-31,PETR3
2019-12-31,PETR4
2019-12-31,QUAL3
2019-12-31,RADL3
2019-12-31,RAIL3
2019-12-31,RENT3
2019-12-31,SANB11
2019-12-31,SBSP3
2019-12-31,SUZB3
2019-12-31,TAEE11
2019-12-31,TIMS3
2019-12-31,UGPA3
2019-12-31,USIM5
2019-12-31,VALE3
2019-12-31,VBBR3
2019-12-31,VIIA3
2019-12-31,VIVT3
2019-12-31,WEGE3
2019-12-31,YDUQ3
2020-01-31,ABEV3
2020-01-31,AMER3
2020-01-31,AZUL4
2020-01-31,B3SA3
2020-01-31,BBAS3
2020-01-31,BBDC3
2020-01-31,BBDC4
2020-01-31,BBSE3
2020-01-31,BPAC11
2020-01-31,BRAP4
2020-01-31,BRFS3
2020-01-31,BRKM5
2020-01-31,BRML3
2020-01-31,CCRO3
2020-01-31,CIEL3
2020-01-31,CMIG4
2020-01-31,COGN3
2020-01-31,CRFB3
2020-01-31,CSAN3
2020-01-31,CSNA3
2020-01-31,CVCB3
2020-01-31,CYRE3
2020-01-31,ECOR3
2020-01-31,EGIE3
2020-01-31,ELET3
2020-01-31,ELET6
2020-01-31,EMBR3
2020-01-31,ENBR3
2020-01-31,EQTL3
2020-01-31,FLRY3
2020-01-31,GGBR4
2020-01-31,GOAU4
2020-01-31,GOLL4
2020-01-31,HAPV3
2020-01-31,HGTX3
2020-01-31,HYPE3
2020-01-31,IRBR3
2020-01-31,ITSA4
2020-01-31,ITUB4
2020-01-31,JBSS3
2020-01-31,JPSA3
2020-01-31,KLBN11
2020-01-31,LREN3
2020-01-31,MGLU3
2020-01-31,MRFG3
2020-01-31,MRVE3
2020-01-31,MULT3
2020-01-31,NTCO3
2020-01-31,PCAR3
2020-01-31,PETR3
2020-01-31,PETR4
2020-01-31,QUAL3
2020-01-31,RADL3
2020-01-31,RAIL3
2020-01-31,RENT3
2020-01-31,SANB11
2020-01-31,SBSP3
2020-01-31,SULA11
2020-01-31,SUZB3
2020-01-31,TAEE11
2020-01-31,TIMS3
2020-01-31,TOTS3
2020-01-31,UGPA3
2020-01-31,USIM5
2020-01-31,VALE3
2020-01-31,VBBR3
2020-01-31,VIIA3
2020-01-31,VIVT3
2020-01-31,WEGE3
2020-01-31,YDUQ3
2020-02-29,ABEV3
2020-02-29,AMER3
2020-02-29,AZUL4
2020-02-29,B3SA3
2020-02-29,BBAS3
2020-02-29,BBDC3
2020-02-29,BBDC4
2020-02-29,BBSE3
2020-02-29,BPAC11
2020-02-29,BRAP4
2020-02-29,BRFS3
2020-02-29,BRKM5
2020-02-29,BRML3
2020-02-29,CCRO3
2020-02-29,CIEL3
2020-02-29,CMIG4
2020-02-29,COGN3
2020-02-29,CRFB3
2020-02-29,CSAN3
2020-02-29,CSNA3
2020-02-29,CVCB3
2020-02-29,CYRE3
2020-02-29,ECOR3
2020-02-29,EGIE3
2020-02-29,ELET3
2020-02-29,ELET6
2020-02-29,EMBR3
2020-02-29,ENBR3
2020-02-29,EQTL3
2020-02-29,FLRY3
2020-02-29,GGBR4
2020-02-29,GOAU4
2020-02-29,GOLL4
2020-02-29,HAPV3
2020-02-29,HGTX3
2020-02-29,HYPE3
2020-02-29,IRBR3
2020-02-29,ITSA4
2020-02-29,ITUB4
2020-02-29,JBSS3
2020-02-29,JPSA3
2020-02-29,KLBN11
2020-02-29,LREN3
2020-02-29,MGLU3
2020-02-29,MRFG3
2020-02-29,MRVE3
2020-02-29,MULT3
2020-02-29,NTCO3
2020-02-29,PCAR3
2020-02-29,PETR3
2020-02-29,PETR4
2020-02-29,QUAL3
2020-02-29,RADL3
2020-02-29,RAIL3
2020-02-29,RENT3
2020-02-29,SANB11
2020-02-29,SBSP3
2020-02-29,SULA11
2020-02-29,SUZB3
2020-02-29,TAEE11
2020-02-29,TIMS3
2020-02-29,TOTS3
2020-02-29,UGPA3
2020-02-29,USIM5
2020-02-29,VALE3
2020-02-29,VBBR3
2020-02-29,VIIA3
2020-02-29,VIVT3
2020-02-29,WEGE3
2020-02-29,YDUQ3
2020-03-31,ABEV3
2020-03-31,AMER3
2020-03-31,AZUL4
2020-03-31,B3SA3
2020-03-31,BBAS3
2020-03-31,BBDC3
2020-03-31,BBDC4
2020-03-31,BBSE3
2020-03-31,BPAC11
2020-03-31,BRAP4
2020-03-31,BRFS3
2020-03-31,BRKM5
2020-03-31,BRML3
2020-03-31,CCRO3
2020-03-31,CIEL3
2020-03-31,CMIG4
2020-03-31,COGN3
2020-03-31,CRFB3
2020-03-31,CSAN3
2020-03-31,CSNA3
2020-03-31,CVCB3
2020-03-31,CYRE3
2020-03-31,ECOR3
2020-03-31,EGIE3
2020-03-31,ELET3
2020-03-31,ELET6
2020-03-31,EMBR3
2020-03-31,ENBR3
2020-03-31,EQTL3
2020-03-31,FLRY3
2020-03-31,GGBR4
2020-03-31,GOAU4
2020-03-31,GOLL4
2020-03-31,HAPV3
2020-03-31,HGTX3
2020-03-31,HYPE3
2020-03-31,IRBR3
2020-03-31,ITSA4
2020-03-31,ITUB4
2020-03-31,JBSS3
2020-03-31,JPSA3
2020-03-31,KLBN11
2020-03-31,LREN3
2020-03-31,MGLU3
2020-03-31,MRFG3
2020-03-31,MRVE3
2020-03-31,MULT3
2020-03-31,NTCO3
2020-03-31,PCAR3
2020-03-31,PETR3
2020-03-31,PETR4
2020-03-31,QUAL3
2020-03-31,RADL3
2020-03-31,RAIL3
2020-03-31,RENT3
2020-03-31,SANB11
2020-03-31,SBSP3
2020-03-31,SULA11
2020-03-31,SUZB3
2020-03-31,TAEE11
2020-03-31,TIMS3
2020-03-31,TOTS3
2020-03-31,UGPA3
2020-03-31,USIM5
2020-03-31,VALE3
2020-03-31,VBBR3
2020-03-31,VIIA3
2020-03-31,VIVT3
2020-03-31,WEGE3
2020-03-31,YDUQ3
2020-04-30,ABEV3
2020-04-30,AMER3
2020-04-30,AZUL4
2020-04-30,B3SA3
2020-04-30,BBAS3
2020-04-30,BBDC3
2020-04-30,BBDC4
2020-04-30,BBSE3
2020-04-30,BPAC11
2020-04-30,BRAP4
2020-04-30,BRFS3
2020-04-30,BRKM5
2020-04-30,BRML3
2020-04-30,CCRO3
2020-04-30,CIEL3
2020-04-30,CMIG4
2020-04-30,COGN3
2020-04-30,CRFB3
2020-04-30,CSAN3
2020-04-30,CSNA3
2020-04-30,CVCB3
2020-04-30,CYRE3
2020-04-30,ECOR3
2020-04-30,EGIE3
2020-04-30,ELET3
2020-04-30,ELET6
2020-04-30,EMBR3
2020-04-30,ENBR3
2020-04-30,EQTL3
2020-04-30,FLRY3
2020-04-30,GGBR4
2020-04-30,GOAU4
2020-04-30,GOLL4
2020-04-30,HAPV3
2020-04-30,HGTX3
2020-04-30,HYPE3
2020-04-30,IRBR3
2020-04-30,ITSA4
2020-04-30,ITUB4
2020-04-30,JBSS3
2020-04-30,JPSA3
2020-04-30,KLBN11
2020-04-30,LREN3
2020-04-30,MGLU3
2020-04-30,MRFG3
2020-04-30,MRVE3
2020-04-30,MULT3
2020-04-30,NTCO3
2020-04-30,PCAR3
2020-04-30,PETR3
2020-04-30,PETR4
2020-04-30,QUAL3
2020-04-30,RADL3
2020-04-30,RAIL3
2020-04-30,RENT3
2020-04-30,SANB11
2020-04-30,SBSP3
2020-04-30,SULA11
2020-04-30,SUZB3
2020-04-30,TAEE11
2020-04-30,TIMS3
2020-04-30,TOTS3
2020-04-30,UGPA3
2020-04-30,USIM5
2020-04-30,VALE3
2020-04-30,VBBR3
2020-04-30,VIIA3
2020-04-30,VIVT3
2020-04-30,WEGE3
2020-04-30,YDUQ3
2020-05-31,ABEV3
2020-05-31,AMER3
2020-05-31,AZUL4
2020-05-31,B3SA3
2020-05-31,BBAS3
2020-05-31,BBDC3
2020-05-31,BBDC4
2020-05-31,BBSE3
2020-05-31,BEEF3
2020-05-31,BPAC11
2020-05-31,BRAP4
2020-05-31,BRFS3
2020-05-31,BRKM5
2020-05-31,BRML3
2020-05-31,CCRO3
2020-05-31,CIEL3
2020-05-31,CMIG4
2020-05-31,COGN3
2020-05-31,CPFE3
2020-05-31,CRFB3
2020-05-31,CSAN3
2020-05-31,CSNA3
2020-05-31,CVCB3
2020-05-31,CYRE3
2020-05-31,ECOR3
2020-05-31,EGIE3
2020-05-31,ELET3
2020-05-31,ELET6
2020-05-31,EMBR3
2020-05-31,ENBR3
2020-05-31,ENGI11
2020-05-31,EQTL3
2020-05-31,FLRY3
2020-05-31,GGBR4
2020-05-31,GOAU4
2020-05-31,GOLL4
2020-05-31,HAPV3
2020-05-31,HGTX3
2020-05-31,HYPE3
2020-05-31,IRBR3
2020-05-31,ITSA4
2020-05-31,ITUB4
2020-05-31,JBSS3
2020-05-31,JPSA3
2020-05-31,KLBN11
2020-05-31,LREN3
2020-05-31,MGLU3
2020-05-31,MRFG3
2020-05-31,MRVE3
2020-05-31,MULT3
2020-05-31,NTCO3
2020-05-31,PCAR3
2020-05-31,PETR3
2020-05-31,PETR4
2020-05-31,QUAL3
2020-05-31,RADL3
2020-05-31,RAIL3
2020-05-31,RENT3
2020-05-31,SANB11
2020-05-31,SBSP3
2020-05-31,SULA11
2020-05-31,SUZB3
2020-05-31,TAEE11
2020-05-31,TIMS3
2020-05-31,TOTS3
2020-05-31,UGPA3
2020-05-31,USIM5
2020-05-31,VALE3
2020-05-31,VBBR3
2020-05-31,VIIA3
2020-05-31,VIVT3
2020-05-31,WEGE3
2020-05-31,YDUQ3
2020-06-30,ABEV3
2020-06-30,AMER3
2020-06-30,AZUL4
2020-06-30,B3SA3
2020-06-30,BBAS3
2020-06-30,BBDC3
2020-06-30,BBDC4
2020-06-30,BBSE3
2020-06-30,BEEF3
2020-06-30,BPAC11
2020-06-30,BRAP4
2020-06-30,BRFS3
2020-06-30,BRKM5
2020-06-30,BRML3
2020-06-30,CCRO3
2020-06-30,CIEL3
2020-06-30,CMIG4
2020-06-30,COGN3
2020-06-30,CPFE3
2020-06-30,CRFB3
2020-06-30,CSAN3
2020-06-30,CSNA3
2020-06-30,CVCB3
2020-06-30,CYRE3
2020-06-30,ECOR3
2020-06-30,EGIE3
2020-06-30,ELET3
2020-06-30,ELET6
2020-06-30,EMBR3
2020-06-30,ENBR3
2020-06-30,ENGI11
2020-06-30,EQTL3
2020-06-30,FLRY3
2020-06-30,GGBR4
2020-06-30,GOAU4
2020-06-30,GOLL4
2020-06-30,HAPV3
2020-06-30,HGTX3
2020-06-30,HYPE3
2020-06-30,IRBR3
2020-06-30,ITSA4
2020-06-30,ITUB4
2020-06-30,JBSS3
2020-06-30,JPSA3
2020-06-30,KLBN11
2020-06-30,LREN3
2020-06-30,MGLU3
2020-06-30,MRFG3
2020-06-30,MRVE3
2020-06-30,MULT3
2020-06-30,NTCO3
2020-06-30,PCAR3
2020-06-30,PETR3
2020-06-30,PETR4
2020-06-30,QUAL3
2020-06-30,RADL3
2020-06-30,RAIL3
2020-06-30,RENT3
2020-06-30,SANB11
2020-06-30,SBSP3
2020-06-30,SULA11
2020-06-30,SUZB3
2020-06-30,TAEE11
2020-06-30,TIMS3
2020-06-30,TOTS3
2020-06-30,UGPA3
2020-06-30,USIM5
2020-06-30,VALE3
2020-06-30,VBBR3
2020-06-30,VIIA3
2020-06-30,VIVT3
2020-06-30,WEGE3
2020-06-30,YDUQ3
2020-07-31,ABEV3
2020-07-31,AMER3
2020-07-31,AZUL4
2020-07-31,B3SA3
2020-07-31,BBAS3
2020-07-31,BBDC3
2020-07-31,BBDC4
2020-07-31,BBSE3
2020-07-31,BEEF3
2020-07-31,BPAC11
2020-07-31,BRAP4
2020-07-31,BRFS3
2020-07-31,BRKM5
2020-07-31,BRML3
2020-07-31,CCRO3
2020-07-31,CIEL3
2020-07-31,CMIG4
2020-07-31,COGN3
2020-07-31,CPFE3
2020-07-31,CRFB3
2020-07-31,CSAN3
2020-07-31,CSNA3
2020-07-31,CVCB3
2020-07-31,CYRE3
2020-07-31,ECOR3
2020-07-31,EGIE3
2020-07-31,ELET3
2020-07-31,ELET6
2020-07-31,EMBR3
2020-07-31,ENBR3
2020-07-31,ENGI11
2020-07-31,EQTL3
2020-07-31,FLRY3
2020-07-31,GGBR4
2020-07-31,GOAU4
2020-07-31,GOLL4
2020-07-31,HAPV3
2020-07-31,HGTX3
2020-07-31,HYPE3
2020-07-31,IRBR3
2020-07-31,ITSA4
2020-07-31,ITUB4
2020-07-31,JBSS3
2020-07-31,JPSA3
2020-07-31,KLBN11
2020-07-31,LREN3
2020-07-31,MGLU3
2020-07-31,MRFG3
2020-07-31,MRVE3
2020-07-31,MULT3
2020-07-31,NTCO3
2020-07-31,PCAR3
2020-07-31,PETR3
2020-07-31,PETR4
2020-07-31,QUAL3
2020-07-31,RADL3
2020-07-31,RAIL3
2020-07-31,RENT3
2020-07-31,SANB11
2020-07-31,SBSP3
2020-07-31,SULA11
2020-07-31,SUZB3
2020-07-31,TAEE11
2020-07-31,TIMS3
2020-07-31,TOTS3
2020-07-31,UGPA3
2020-07-31,USIM5
2020-07-31,VALE3
2020-07-31,VBBR3
2020-07-31,VIIA3
2020-07-31,VIVT3
2020-07-31,WEGE3
2020-07-31,YDUQ3
2020-08-31,ABEV3
2020-08-31,AMER3
2020-08-31,AZUL4
2020-08-31,B3SA3
2020-08-31,BBAS3
2020-08-31,BBDC3
2020-08-31,BBDC4
2020-08-31,BBSE3
2020-08-31,BEEF3
2020-08-31,BPAC11
2020-08-31,BRAP4
2020-08-31,BRFS3
2020-08-31,BRKM5
2020-08-31,BRML3
2020-08-31,CCRO3
2020-08-31,CIEL3
2020-08-31,CMIG4
2020-08-31,COGN3
2020-08-31,CPFE3
2020-08-31,CRFB3
2020-08-31,CSAN3
2020-08-31,CSNA3
2020-08-31,CVCB3
2020-08-31,CYRE3
2020-08-31,ECOR3
2020-08-31,EGIE3
2020-08-31,ELET3
2020-08-31,ELET6
2020-08-31,EMBR3
2020-08-31,ENBR3
2020-08-31,ENGI11
2020-08-31,EQTL3
2020-08-31,FLRY3
2020-08-31,GGBR4
2020-08-31,GOAU4
2020-08-31,GOLL4
2020-08-31,HAPV3
2020-08-31,HGTX3
2020-08-31,HYPE3
2020-08-31,IRBR3
2020-08-31,ITSA4
2020-08-31,ITUB4
2020-08-31,JBSS3
2020-08-31,JPSA3
2020-08-31,KLBN11
2020-08-31,LREN3
2020-08-31,MGLU3
2020-08-31,MRFG3
2020-08-31,MRVE3
2020-08-31,MULT3
2020-08-31,NTCO3
2020-08-31,PCAR3
2020-08-31,PETR3
2020-08-31,PETR4
2020-08-31,QUAL3
2020-08-31,RADL3
2020-08-31,RAIL3
2020-08-31,RENT3
2020-08-31,SANB11
2020-08-31,SBSP3
2020-08-31,SULA11
2020-08-31,SUZB3
2020-08-31,TAEE11
2020-08-31,TIMS3
2020-08-31,TOTS3
2020-08-31,UGPA3
2020-08-31,USIM5
2020-08-31,VALE3
2020-08-31,VBBR3
2020-08-31,VIIA3
2020-08-31,VIVT3
2020-08-31,WEGE3
2020-08-31,YDUQ3
2020-09-30,ABEV3
2020-09-30,AMER3
2020-09-30,AZUL4
2020-09-30,B3SA3
2020-09-30,BBAS3
2020-09-30,BBDC3
2020-09-30,BBDC4
2020-09-30,BBSE3
2020-09-30,BEEF3
2020-09-30,BPAC11
2020-09-30,BRAP4
2020-09-30,BRFS3
2020-09-30,BRKM5
2020-09-30,BRML3
2020-09-30,CCRO3
2020-09-30,CIEL3
2020-09-30,CMIG4
2020-09-30,COGN3
2020-09-30,CPFE3
2020-09-30,CRFB3
2020-09-30,CSAN3
2020-09-30,CSNA3
2020-09-30,CVCB3
2020-09-30,CYRE3
2020-09-30,ECOR3
2020-09-30,EGIE3
2020-09-30,ELET3
2020-09-30,ELET6
2020-09-30,EMBR3
2020-09-30,ENBR3
2020-09-30,ENGI11
2020-09-30,EQTL3
2020-09-30,EZTC3
2020-09-30,FLRY3
2020-09-30,GGBR4
2020-09-30,GOAU4
2020-09-30,GOLL4
2020-09-30,HAPV3
2020-09-30,HGTX3
2020-09-30,HYPE3
2020-09-30,IRBR3
2020-09-30,ITSA4
2020-09-30,ITUB4
2020-09-30,JBSS3
2020-09-30,JPSA3
2020-09-30,KLBN11
2020-09-30,LREN3
2020-09-30,MGLU3
2020-09-30,MRFG3
2020-09-30,MRVE3
2020-09-30,MULT3
2020-09-30,NTCO3
2020-09-30,PCAR3
2020-09-30,PETR3
2020-09-30,PETR4
2020-09-30,PRIO3
2020-09-30,QUAL3
2020-09-30,RADL3
2020-09-30,RAIL3
2020-09-30,RENT3
2020-09-30,SANB11
2020-09-30,SBSP3
2020-09-30,SULA11
2020-09-30,SUZB3
2020-09-30,TAEE11
2020-09-30,TIMS3
2020-09-30,TOTS3
2020-09-30,UGPA3
2020-09-30,USIM5
2020-09-30,VALE3
2020-09-30,VBBR3
2020-09-30,VIIA3
2020-09-30,VIVT3
2020-09-30,WEGE3
2020-09-30,YDUQ3
2020-10-31,ABEV3
2020-10-31,AMER3
2020-10-31,AZUL4
2020-10-31,B3SA3
2020-10-31,BBAS3
2020-10-31,BBDC3
2020-10-31,BBDC4
2020-10-31,BBSE3
2020-10-31,BEEF3
2020-10-31,BPAC11
2020-10-31,BRAP4
2020-10-31,BRFS3
2020-10-31,BRKM5
2020-10-31,BRML3
2020-10-31,CCRO3
2020-10-31,CIEL3
2020-10-31,CMIG4
2020-10-31,COGN3
2020-10-31,CPFE3
2020-10-31,CRFB3
2020-10-31,CSAN3
2020-10-31,CSNA3
2020-10-31,CVCB3
2020-10-31,CYRE3
2020-10-31,ECOR3
2020-10-31,EGIE3
2020-10-31,ELET3
2020-10-31,ELET6
2020-10-31,EMBR3
2020-10-31,ENBR3
2020-10-31,ENGI11
2020-10-31,EQTL3
2020-10-31,EZTC3
2020-10-31,FLRY3
2020-10-31,GGBR4
2020-10-31,GOAU4
2020-10-31,GOLL4
2020-10-31,HAPV3
2020-10-31,HGTX3
2020-10-31,HYPE3
2020-10-31,IRBR3
2020-10-31,ITSA4
2020-10-31,ITUB4
2020-10-31,JBSS3
2020-10-31,JPSA3
2020-10-31,KLBN11
2020-10-31,LREN3
2020-10-31,MGLU3
2020-10-31,MRFG3
2020-10-31,MRVE3
2020-10-31,MULT3
2020-10-31,NTCO3
2020-10-31,PCAR3
2020-10-31,PETR3
2020-10-31,PETR4
2020-10-31,PRIO3
2020-10-31,QUAL3
2020-10-31,RADL3
2020-10-31,RAIL3
2020-10-31,RENT3
2020-10-31,SANB11
2020-10-31,SBSP3
2020-10-31,SULA11
2020-10-31,SUZB3
2020-10-31,TAEE11
2020-10-31,TIMS3
2020-10-31,TOTS3
2020-10-31,UGPA3
2020-10-31,USIM5
2020-10-31,VALE3
2020-10-31,VBBR3
2020-10-31,VIIA3
2020-10-31,VIVT3
2020-10-31,WEGE3
2020-10-31,YDUQ3
2020-11-30,ABEV3
2020-11-30,AMER3
2020-11-30,AZUL4
2020-11-30,B3SA3
2020-11-30,BBAS3
2020-11-30,BBDC3
2020-11-30,BBDC4
2020-11-30,BBSE3
2020-11-30,BEEF3
2020-11-30,BPAC11
2020-11-30,BRAP4
2020-11-30,BRFS3
2020-11-30,BRKM5
2020-11-30,BRML3
2020-11-30,CCRO3
2020-11-30,CIEL3
2020-11-30,CMIG4
2020-11-30,COGN3
2020-11-30,CPFE3
2020-11-30,CRFB3
2020-11-30,CSAN3
2020-11-30,CSNA3
2020-11-30,CVCB3
2020-11-30,CYRE3
2020-11-30,ECOR3
2020-11-30,EGIE3
2020-11-30,ELET3
2020-11-30,ELET6
2020-11-30,EMBR3
2020-11-30,ENBR3
2020-11-30,ENGI11
2020-11-30,EQTL3
2020-11-30,EZTC3
2020-11-30,FLRY3
2020-11-30,GGBR4
2020-11-30,GOAU4
2020-11-30,GOLL4
2020-11-30,HAPV3
2020-11-30,HGTX3
2020-11-30,HYPE3
2020-11-30,IRBR3
2020-11-30,ITSA4
2020-11-30,ITUB4
2020-11-30,JBSS3
2020-11-30,JPSA3
2020-11-30,KLBN11
2020-11-30,LREN3
2020-11-30,MGLU3
2020-11-30,MRFG3
2020-11-30,MRVE3
2020-11-30,MULT3
2020-11-30,NTCO3
2020-11-30,PCAR3
2020-11-30,PETR3
2020-11-30,PETR4
2020-11-30,PRIO3
2020-11-30,QUAL3
2020-11-30,RADL3
2020-11-30,RAIL3
2020-11-30,RENT3
2020-11-30,SANB11
2020-11-30,SBSP3
2020-11-30,SULA11
2020-11-30,SUZB3
2020-11-30,TAEE11
2020-11-30,TIMS3
2020-11-30,TOTS3
2020-11-30,UGPA3
2020-11-30,USIM5
2020-11-30,VALE3
2020-11-30,VBBR3
2020-11-30,VIIA3
2020-11-30,VIVT3
2020-11-30,WEGE3
2020-11-30,YDUQ3
2020-12-31,ABEV3
2020-12-31,AMER3
2020-12-31,AZUL4
2020-12-31,B3SA3
2020-12-31,BBAS3
2020-12-31,BBDC3
2020-12-31,BBDC4
2020-12-31,BBSE3
2020-12-31,BEEF3
2020-12-31,BPAC11
2020-12-31,BRAP4
2020-12-31,BRFS3
2020-12-31,BRKM5
2020-12-31,BRML3
2020-12-31,CCRO3
2020-12-31,CIEL3
2020-12-31,CMIG4
2020-12-31,COGN3
2020-12-31,CPFE3
2020-12-31,CRFB3
2020-12-31,CSAN3
2020-12-31,CSNA3
2020-12-31,CVCB3
2020-12-31,CYRE3
2020-12-31,ECOR3
2020-12-31,EGIE3
2020-12-31,ELET3
2020-12-31,ELET6
2020-12-31,EMBR3
2020-12-31,ENBR3
2020-12-31,ENGI11
2020-12-31,EQTL3
2020-12-31,EZTC3
2020-12-31,FLRY3
2020-12-31,GGBR4
2020-12-31,GOAU4
2020-12-31,GOLL4
2020-12-31,HAPV3
2020-12-31,HGTX3
2020-12-31,HYPE3
2020-12-31,IRBR3
2020-12-31,ITSA4
2020-12-31,ITUB4
2020-12-31,JBSS3
2020-12-31,JPSA3
2020-12-31,KLBN11
2020-12-31,LREN3
2020-12-31,MGLU3
2020-12-31,MRFG3
2020-12-31,MRVE3
2020-12-31,MULT3
2020-12-31,NTCO3
2020-12-31,PCAR3
2020-12-31,PETR3
2020-12-31,PETR4
2020-12-31,PRIO3
2020-12-31,QUAL3
2020-12-31,RADL3
2020-12-31,RAIL3
2020-12-31,RENT3
2020-12-31,SANB11
2020-12-31,SBSP3
2020-12-31,SULA11
2020-12-31,SUZB3
2020-12-31,TAEE11
2020-12-31,TIMS3
2020-12-31,TOTS3
2020-12-31,UGPA3
2020-12-31,USIM5
2020-12-31,VALE3
2020-12-31,VBBR3
2020-12-31,VIIA3
2020-12-31,VIVT3
2020-12-31,WEGE3
2020-12-31,YDUQ3
2021-01-31,ABEV3
2021-01-31,AMER3
2021-01-31,AZUL4
2021-01-31,B3SA3
2021-01-31,BBAS3
2021-01-31,BBDC3
2021-01-31,BBDC4
2021-01-31,BBSE3
2021-01-31,BEEF3
2021-01-31,BPAC11
2021-01-31,BRAP4
2021-01-31,BRFS3
2021-01-31,BRKM5
2021-01-31,BRML3
2021-01-31,CCRO3
2021-01-31,CIEL3
2021-01-31,CMIG4
2021-01-31,COGN3
2021-01-31,CPFE3
2021-01-31,CPLE6
2021-01-31,CRFB3
2021-01-31,CSAN3
2021-01-31,CSNA3
2021-01-31,CVCB3
2021-01-31,CYRE3
2021-01-31,ECOR3
2021-01-31,EGIE3
2021-01-31,ELET3
2021-01-31,ELET6
2021-01-31,EMBR3
2021-01-31,ENBR3
2021-01-31,ENEV3
2021-01-31,ENGI11
2021-01-31,EQTL3
2021-01-31,EZTC3
2021-01-31,FLRY3
2021-01-31,GGBR4
2021-01-31,GOAU4
2021-01-31,GOLL4
2021-01-31,HAPV3
2021-01-31,HGTX3
2021-01-31,HYPE3
2021-01-31,IRBR3
2021-01-31,ITSA4
2021-01-31,ITUB4
2021-01-31,JBSS3
2021-01-31,JHSF3
2021-01-31,JPSA3
2021-01-31,KLBN11
2021-01-31,LCAM3
2021-01-31,LREN3
2021-01-31,MGLU3
2021-01-31,MRFG3
2021-01-31,MRVE3
2021-01-31,MULT3
2021-01-31,NTCO3
2021-01-31,PCAR3
2021-01-31,PETR3
2021-01-31,PETR4
2021-01-31,PRIO3
2021-01-31,QUAL3
2021-01-31,RADL3
2021-01-31,RAIL3
2021-01-31,RENT3
2021-01-31,SANB11
2021-01-31,SBSP3
2021-01-31,SULA11
2021-01-31,SUZB3
2021-01-31,TAEE11
2021-01-31,TIMS3
2021-01-31,TOTS3
2021-01-31,UGPA3
2021-01-31,USIM5
2021-01-31,VALE3
2021-01-31,VBBR3
2021-01-31,VIIA3
2021-01-31,VIVT3
2021-01-31,WEGE3
2021-01-31,YDUQ3
2021-02-28,ABEV3
2021-02-28,AMER3
2021-02-28,AZUL4
2021-02-28,B3SA3
2021-02-28,BBAS3
2021-02-28,BBDC3
2021-02-28,BBDC4
2021-02-28,BBSE3
2021-02-28,BEEF3
2021-02-28,BPAC11
2021-02-28,BRAP4
2021-02-28,BRFS3
2021-02-28,BRKM5
2021-02-28,BRML3
2021-02-28,CCRO3
2021-02-28,CIEL3
2021-02-28,CMIG4
2021-02-28,COGN3
2021-02-28,CPFE3
2021-02-28,CPLE6
2021-02-28,CRFB3
2021-02-28,CSAN3
2021-02-28,CSNA3
2021-02-28,CVCB3
2021-02-28,CYRE3
2021-02-28,ECOR3
2021-02-28,EGIE3
2021-02-28,ELET3
2021-02-28,ELET6
2021-02-28,EMBR3
2021-02-28,ENBR3
2021-02-28,ENEV3
2021-02-28,ENGI11
2021-02-28,EQTL3
2021-02-28,EZTC3
2021-02-28,FLRY3
2021-02-28,GGBR4
2021-02-28,GOAU4
2021-02-28,GOLL4
2021-02-28,HAPV3
2021-02-28,HGTX3
2021-02-28,HYPE3
2021-02-28,IRBR3
2021-02-28,ITSA4
2021-02-28,ITUB4
2021-02-28,JBSS3
2021-02-28,JHSF3
2021-02-28,JPSA3
2021-02-28,KLBN11
2021-02-28,LCAM3
2021-02-28,LREN3
2021-02-28,MGLU3
2021-02-28,MRFG3
2021-02-28,MRVE3
2021-02-28,MULT3
2021-02-28,NTCO3
2021-02-28,PCAR3
2021-02-28,PETR3
2021-02-28,PETR4
2021-02-28,PRIO3
2021-02-28,QUAL3
2021-02-28,RADL3
2021-02-28,RAIL3
2021-02-28,RENT3
2021-02-28,SANB11
2021-02-28,SBSP3
2021-02-28,SULA11
2021-02-28,SUZB3
2021-02-28,TAEE11
2021-02-28,TIMS3
2021-02-28,TOTS3
2021-02-28,UGPA3
2021-02-28,USIM5
2021-02-28,VALE3
2021-02-28,VBBR3
2021-02-28,VIIA3
2021-02-28,VIVT3
2021-02-28,WEGE3
2021-02-28,YDUQ3
2021-03-31,ABEV3
2021-03-31,AMER3
2021-03-31,ASAI3
2021-03-31,AZUL4
2021-03-31,B3SA3
2021-03-31,BBAS3
2021-03-31,BBDC3
2021-03-31,BBDC4
2021-03-31,BBSE3
2021-03-31,BEEF3
2021-03-31,BPAC11
2021-03-31,BRAP4
2021-03-31,BRFS3
2021-03-31,BRKM5
2021-03-31,BRML3
2021-03-31,CCRO3
2021-03-31,CIEL3
2021-03-31,CMIG4
2021-03-31,COGN3
2021-03-31,CPFE3
2021-03-31,CPLE6
2021-03-31,CRFB3
2021-03-31,CSAN3
2021-03-31,CSNA3
2021-03-31,CVCB3
2021-03-31,CYRE3
2021-03-31,ECOR3
2021-03-31,EGIE3
2021-03-31,ELET3
2021-03-31,ELET6
2021-03-31,EMBR3
2021-03-31,ENBR3
2021-03-31,ENEV3
2021-03-31,ENGI11
2021-03-31,EQTL3
2021-03-31,EZTC3
2021-03-31,FLRY3
2021-03-31,GGBR4
2021-03-31,GOAU4
2021-03-31,GOLL4
2021-03-31,HAPV3
2021-03-31,HGTX3
2021-03-31,HYPE3
2021-03-31,IRBR3
2021-03-31,ITSA4
2021-03-31,ITUB4
2021-03-31,JBSS3
2021-03-31,JHSF3
2021-03-31,JPSA3
2021-03-31,KLBN11
2021-03-31,LCAM3
2021-03-31,LREN3
2021-03-31,MGLU3
2021-03-31,MRFG3
2021-03-31,MRVE3
2021-03-31,MULT3
2021-03-31,NTCO3
2021-03-31,PCAR3
2021-03-31,PETR3
2021-03-31,PETR4
2021-03-31,PRIO3
2021-03-31,QUAL3
2021-03-31,RADL3
2021-03-31,RAIL3
2021-03-31,RENT3
2021-03-31,SANB11
2021-03-31,SBSP3
2021-03-31,SULA11
2021-03-31,SUZB3
2021-03-31,TAEE11
2021-03-31,TIMS3
2021-03-31,TOTS3
2021-03-31,UGPA3
2021-03-31,USIM5
2021-03-31,VALE3
2021-03-31,VBBR3
2021-03-31,VIIA3
2021-03-31,VIVT3
2021-03-31,WEGE3
2021-03-31,YDUQ3
2021-04-30,ABEV3
2021-04-30,AMER3
2021-04-30,ASAI3
2021-04-30,AZUL4
2021-04-30,B3SA3
2021-04-30,BBAS3
2021-04-30,BBDC3
2021-04-30,BBDC4
2021-04-30,BBSE3
2021-04-30,BEEF3
2021-04-30,BPAC11
2021-04-30,BRAP4
2021-04-30,BRFS3
2021-04-30,BRKM5
2021-04-30,BRML3
2021-04-30,CCRO3
2021-04-30,CIEL3
2021-04-30,CMIG4
2021-04-30,COGN3
2021-04-30,CPFE3
2021-04-30,CPLE6
2021-04-30,CRFB3
2021-04-30,CSAN3
2021-04-30,CSNA3
2021-04-30,CVCB3
2021-04-30,CYRE3
2021-04-30,ECOR3
2021-04-30,EGIE3
2021-04-30,ELET3
2021-04-30,ELET6
2021-04-30,EMBR3
2021-04-30,ENBR3
2021-04-30,ENEV3
2021-04-30,ENGI11
2021-04-30,EQTL3
2021-04-30,EZTC3
2021-04-30,FLRY3
2021-04-30,GGBR4
2021-04-30,GOAU4
2021-04-30,GOLL4
2021-04-30,HAPV3
2021-04-30,HGTX3
2021-04-30,HYPE3
2021-04-30,IRBR3
2021-04-30,ITSA4
2021-04-30,ITUB4
2021-04-30,JBSS3
2021-04-30,JHSF3
2021-04-30,JPSA3
2021-04-30,KLBN11
2021-04-30,LCAM3
2021-04-30,LREN3
2021-04-30,MGLU3
2021-04-30,MRFG3
2021-04-30,MRVE3
2021-04-30,MULT3
2021-04-30,NTCO3
2021-04-30,PCAR3
2021-04-30,PETR3
2021-04-30,PETR4
2021-04-30,PRIO3
2021-04-30,QUAL3
2021-04-30,RADL3
2021-04-30,RAIL3
2021-04-30,RENT3
2021-04-30,SANB11
2021-04-30,SBSP3
2021-04-30,SULA11
2021-04-30,SUZB3
2021-04-30,TAEE11
2021-04-30,TIMS3
2021-04-30,TOTS3
2021-04-30,UGPA3
2021-04-30,USIM5
2021-04-30,VALE3
2021-04-30,VBBR3
2021-04-30,VIIA3
2021-04-30,VIVT3
2021-04-30,WEGE3
2021-04-30,YDUQ3
2021-05-31,ABEV3
2021-05-31,AMER3
2021-05-31,ASAI3
2021-05-31,AZUL4
2021-05-31,B3SA3
2021-05-31,BBAS3
2021-05-31,BBDC3
2021-05-31,BBDC4
2021-05-31,BBSE3
2021-05-31,BEEF3
2021-05-31,BIDI11
2021-05-31,BPAC11
2021-05-31,BRAP4
2021-05-31,BRFS3
2021-05-31,BRKM5
2021-05-31,BRML3
2021-05-31,CCRO3
2021-05-31,CIEL3
2021-05-31,CMIG4
2021-05-31,COGN3
2021-05-31,CPFE3
2021-05-31,CPLE6
2021-05-31,CRFB3
2021-05-31,CSAN3
2021-05-31,CSNA3
2021-05-31,CVCB3
2021-05-31,CYRE3
2021-05-31,ECOR3
2021-05-31,EGIE3
2021-05-31,ELET3
2021-05-31,ELET6
2021-05-31,EMBR3
2021-05-31,ENBR3
2021-05-31,ENEV3
2021-05-31,ENGI11
2021-05-31,EQTL3
2021-05-31,EZTC3
2021-05-31,FLRY3
2021-05-31,GGBR4
2021-05-31,GOAU4
2021-05-31,GOLL4
2021-05-31,HAPV3
2021-05-31,HGTX3
2021-05-31,HYPE3
2021-05-31,IRBR3
2021-05-31,ITSA4
2021-05-31,ITUB4
2021-05-31,JBSS3
2021-05-31,JHSF3
2021-05-31,JPSA3
2021-05-31,KLBN11
2021-05-31,LCAM3
2021-05-31,LREN3
2021-05-31,LWSA3
2021-05-31,MGLU3
2021-05-31,MRFG3
2021-05-31,MRVE3
2021-05-31,MULT3
2021-05-31,NTCO3
2021-05-31,PCAR3
2021-05-31,PETR3
2021-05-31,PETR4
2021-05-31,PRIO3
2021-05-31,QUAL3
2021-05-31,RADL3
2021-05-31,RAIL3
2021-05-31,RENT3
2021-05-31,SANB11
2021-05-31,SBSP3
2021-05-31,SULA11
2021-05-31,SUZB3
2021-05-31,TAEE11
2021-05-31,TIMS3
2021-05-31,TOTS3
2021-05-31,UGPA3
2021-05-31,USIM5
2021-05-31,VALE3
2021-05-31,VBBR3
2021-05-31,VIIA3
2021-05-31,VIVT3
2021-05-31,WEGE3
2021-05-31,YDUQ3
2021-06-30,ABEV3
2021-06-30,AMER3
2021-06-30,ASAI3
2021-06-30,AZUL4
2021-06-30,B3SA3
2021-06-30,BBAS3
2021-06-30,BBDC3
2021-06-30,BBDC4
2021-06-30,BBSE3
2021-06-30,BEEF3
2021-06-30,BIDI11
2021-06-30,BPAC11
2021-06-30,BRAP4
2021-06-30,BRFS3
2021-06-30,BRKM5
2021-06-30,BRML3
2021-06-30,CCRO3
2021-06-30,CIEL3
2021-06-30,CMIG4
2021-06-30,COGN3
2021-06-30,CPFE3
2021-06-30,CPLE6
2021-06-30,CRFB3
2021-06-30,CSAN3
2021-06-30,CSNA3
2021-06-30,CVCB3
2021-06-30,CYRE3
2021-06-30,ECOR3
2021-06-30,EGIE3
2021-06-30,ELET3
2021-06-30,ELET6
2021-06-30,EMBR3
2021-06-30,ENBR3
2021-06-30,ENEV3
2021-06-30,ENGI11
2021-06-30,EQTL3
2021-06-30,EZTC3
2021-06-30,FLRY3
2021-06-30,GGBR4
2021-06-30,GOAU4
2021-06-30,GOLL4
2021-06-30,HAPV3
2021-06-30,HGTX3
2021-06-30,HYPE3
2021-06-30,IRBR3
2021-06-30,ITSA4
2021-06-30,ITUB4
2021-06-30,JBSS3
2021-06-30,JHSF3
2021-06-30,JPSA3
2021-06-30,KLBN11
2021-06-30,LCAM3
2021-06-30,LREN3
2021-06-30,LWSA3
2021-06-30,MGLU3
2021-06-30,MRFG3
2021-06-30,MRVE3
2021-06-30,MULT3
2021-06-30,NTCO3
2021-06-30,PCAR3
2021-06-30,PETR3
2021-06-30,PETR4
2021-06-30,PRIO3
2021-06-30,QUAL3
2021-06-30,RADL3
2021-06-30,RAIL3
2021-06-30,RENT3
2021-06-30,SANB11
2021-06-30,SBSP3
2021-06-30,SULA11
2021-06-30,SUZB3
2021-06-30,TAEE11
2021-06-30,TIMS3
2021-06-30,TOTS3
2021-06-30,UGPA3
2021-06-30,USIM5
2021-06-30,VALE3
2021-06-30,VBBR3
2021-06-30,VIIA3
2021-06-30,VIVT3
2021-06-30,WEGE3
2021-06-30,YDUQ3
2021-07-31,ABEV3
2021-07-31,AMER3
2021-07-31,ASAI3
2021-07-31,AZUL4
2021-07-31,B3SA3
2021-07-31,BBAS3
2021-07-31,BBDC3
2021-07-31,BBDC4
2021-07-31,BBSE3
2021-07-31,BEEF3
2021-07-31,BIDI11
2021-07-31,BPAC11
2021-07-31,BRAP4
2021-07-31,BRFS3
2021-07-31,BRKM5
2021-07-31,BRML3
2021-07-31,CCRO3
2021-07-31,CIEL3
2021-07-31,CMIG4
2021-07-31,COGN3
2021-07-31,CPFE3
2021-07-31,CPLE6
2021-07-31,CRFB3
2021-07-31,CSAN3
2021-07-31,CSNA3
2021-07-31,CVCB3
2021-07-31,CYRE3
2021-07-31,ECOR3
2021-07-31,EGIE3
2021-07-31,ELET3
2021-07-31,ELET6
2021-07-31,EMBR3
2021-07-31,ENBR3
2021-07-31,ENEV3
2021-07-31,ENGI11
2021-07-31,EQTL3
2021-07-31,EZTC3
2021-07-31,FLRY3
2021-07-31,GGBR4
2021-07-31,GOAU4
2021-07-31,GOLL4
2021-07-31,HAPV3
2021-07-31,HGTX3
2021-07-31,HYPE3
2021-07-31,IRBR3
2021-07-31,ITSA4
2021-07-31,ITUB4
2021-07-31,JBSS3
2021-07-31,JHSF3
2021-07-31,JPSA3
2021-07-31,KLBN11
2021-07-31,LCAM3
2021-07-31,LREN3
2021-07-31,LWSA3
2021-07-31,MGLU3
2021-07-31,MRFG3
2021-07-31,MRVE3
2021-07-31,MULT3
2021-07-31,NTCO3
2021-07-31,PCAR3
2021-07-31,PETR3
2021-07-31,PETR4
2021-07-31,PRIO3
2021-07-31,QUAL3
2021-07-31,RADL3
2021-07-31,RAIL3
2021-07-31,RENT3
2021-07-31,SANB11
2021-07-31,SBSP3
2021-07-31,SULA11
2021-07-31,SUZB3
2021-07-31,TAEE11
2021-07-31,TIMS3
2021-07-31,TOTS3
2021-07-31,UGPA3
2021-07-31,USIM5
2021-07-31,VALE3
2021-07-31,VBBR3
2021-07-31,VIIA3
2021-07-31,VIVT3
2021-07-31,WEGE3
2021-07-31,YDUQ3
2021-08-31,ABEV3
2021-08-31,AMER3
2021-08-31,ASAI3
2021-08-31,AZUL4
2021-08-31,B3SA3
2021-08-31,BBAS3
2021-08-31,BBDC3
2021-08-31,BBDC4
2021-08-31,BBSE3
2021-08-31,BEEF3
2021-08-31,BIDI11
2021-08-31,BPAC11
2021-08-31,BRAP4
2021-08-31,BRFS3
2021-08-31,BRKM5
2021-08-31,BRML3
2021-08-31,CCRO3
2021-08-31,CIEL3
2021-08-31,CMIG4
2021-08-31,COGN3
2021-08-31,CPFE3
2021-08-31,CPLE6
2021-08-31,CRFB3
2021-08-31,CSAN3
2021-08-31,CSNA3
2021-08-31,CVCB3
2021-08-31,CYRE3
2021-08-31,ECOR3
2021-08-31,EGIE3
2021-08-31,ELET3
2021-08-31,ELET6
2021-08-31,EMBR3
2021-08-31,ENBR3
2021-08-31,ENEV3
2021-08-31,ENGI11
2021-08-31,EQTL3
2021-08-31,EZTC3
2021-08-31,FLRY3
2021-08-31,GGBR4
2021-08-31,GOAU4
2021-08-31,GOLL4
2021-08-31,HAPV3
2021-08-31,HGTX3
2021-08-31,HYPE3
2021-08-31,IRBR3
2021-08-31,ITSA4
2021-08-31,ITUB4
2021-08-31,JBSS3
2021-08-31,JHSF3
2021-08-31,JPSA3
2021-08-31,KLBN11
2021-08-31,LCAM3
2021-08-31,LREN3
2021-08-31,LWSA3
2021-08-31,MGLU3
2021-08-31,MRFG3
2021-08-31,MRVE3
2021-08-31,MULT3
2021-08-31,NTCO3
2021-08-31,PCAR3
2021-08-31,PETR3
2021-08-31,PETR4
2021-08-31,PRIO3
2021-08-31,QUAL3
2021-08-31,RADL3
2021-08-31,RAIL3
2021-08-31,RENT3
2021-08-31,SANB11
2021-08-31,SBSP3
2021-08-31,SULA11
2021-08-31,SUZB3
2021-08-31,TAEE11
2021-08-31,TIMS3
2021-08-31,TOTS3
2021-08-31,UGPA3
2021-08-31,USIM5
2021-08-31,VALE3
2021-08-31,VBBR3
2021-08-31,VIIA3
2021-08-31,VIVT3
2021-08-31,WEGE3
2021-08-31,YDUQ3
2021-09-30,ABEV3
2021-09-30,ALPA4
2021-09-30,AMER3
2021-09-30,ASAI3
2021-09-30,AZUL4
2021-09-30,B3SA3
2021-09-30,BBAS3
2021-09-30,BBDC3
2021-09-30,BBDC4
2021-09-30,BBSE3
2021-09-30,BEEF3
2021-09-30,BIDI11
2021-09-30,BIDI4
2021-09-30,BPAC11
2021-09-30,BPAN4
2021-09-30,BRAP4
2021-09-30,BRFS3
2021-09-30,BRKM5
2021-09-30,BRML3
2021-09-30,CASH3
2021-09-30,CCRO3
2021-09-30,CIEL3
2021-09-30,CMIG4
2021-09-30,COGN3
2021-09-30,CPFE3
2021-09-30,CPLE6
2021-09-30,CRFB3
2021-09-30,CSAN3
2021-09-30,CSNA3
2021-09-30,CVCB3
2021-09-30,CYRE3
2021-09-30,DXCO3
2021-09-30,ECOR3
2021-09-30,EGIE3
2021-09-30,ELET3
2021-09-30,ELET6
2021-09-30,EMBR3
2021-09-30,ENBR3
2021-09-30,ENEV3
2021-09-30,ENGI11
2021-09-30,EQTL3
2021-09-30,EZTC3
2021-09-30,FLRY3
2021-09-30,GGBR4
2021-09-30,GOAU4
2021-09-30,GOLL4
2021-09-30,HAPV3
2021-09-30,HYPE3
2021-09-30,IRBR3
2021-09-30,ITSA4
2021-09-30,ITUB4
2021-09-30,JBSS3
2021-09-30,JHSF3
2021-09-30,JPSA3
2021-09-30,KLBN11
2021-09-30,LCAM3
2021-09-30,LREN3
2021-09-30,LWSA3
2021-09-30,MGLU3
2021-09-30,MRFG3
2021-09-30,MRVE3
2021-09-30,MULT3
2021-09-30,NTCO3
2021-09-30,PCAR3
2021-09-30,PETR3
2021-09-30,PETR4
2021-09-30,PETZ3
2021-09-30,PRIO3
2021-09-30,QUAL3
2021-09-30,RADL3
2021-09-30,RAIL3
2021-09-30,RDOR3
2021-09-30,RENT3
2021-09-30,SANB11
2021-09-30,SBSP3
2021-09-30,SOMA3
2021-09-30,SULA11
2021-09-30,SUZB3
2021-09-30,TAEE11
2021-09-30,TIMS3
2021-09-30,TOTS3
2021-09-30,UGPA3
2021-09-30,USIM5
2021-09-30,VALE3
2021-09-30,VBBR3
2021-09-30,VIIA3
2021-09-30,VIVT3
2021-09-30,WEGE3
2021-09-30,YDUQ3
2021-10-31,ABEV3
2021-10-31,ALPA4
2021-10-31,AMER3
2021-10-31,ASAI3
2021-10-31,AZUL4
2021-10-31,B3SA3
2021-10-31,BBAS3
2021-10-31,BBDC3
2021-10-31,BBDC4
2021-10-31,BBSE3
2021-10-31,BEEF3
2021-10-31,BIDI11
2021-10-31,BIDI4
2021-10-31,BPAC11
2021-10-31,BPAN4
2021-10-31,BRAP4
2021-10-31,BRFS3
2021-10-31,BRKM5
2021-10-31,BRML3
2021-10-31,CASH3
2021-10-31,CCRO3
2021-10-31,CIEL3
2021-10-31,CMIG4
2021-10-31,COGN3
2021-10-31,CPFE3
2021-10-31,CPLE6
2021-10-31,CRFB3
2021-10-31,CSAN3
2021-10-31,CSNA3
2021-10-31,CVCB3
2021-10-31,CYRE3
2021-10-31,DXCO3
2021-10-31,ECOR3
2021-10-31,EGIE3
2021-10-31,ELET3
2021-10-31,ELET6
2021-10-31,EMBR3
2021-10-31,ENBR3
2021-10-31,ENEV3
2021-10-31,ENGI11
2021-10-31,EQTL3
2021-10-31,EZTC3
2021-10-31,FLRY3
2021-10-31,GETT11
2021-10-31,GGBR4
2021-10-31,GOAU4
2021-10-31,GOLL4
2021-10-31,HAPV3
2021-10-31,HYPE3
2021-10-31,IRBR3
2021-10-31,ITSA4
2021-10-31,ITUB4
2021-10-31,JBSS3
2021-10-31,JHSF3
2021-10-31,JPSA3
2021-10-31,KLBN11
2021-10-31,LCAM3
2021-10-31,LREN3
2021-10-31,LWSA3
2021-10-31,MGLU3
2021-10-31,MRFG3
2021-10-31,MRVE3
2021-10-31,MULT3
2021-10-31,NTCO3
2021-10-31,PCAR3
2021-10-31,PETR3
2021-10-31,PETR4
2021-10-31,PETZ3
2021-10-31,PRIO3
2021-10-31,QUAL3
2021-10-31,RADL3
2021-10-31,RAIL3
2021-10-31,RDOR3
2021-10-31,RENT3
2021-10-31,SANB11
2021-10-31,SBSP3
2021-10-31,SOMA3
2021-10-31,SULA11
2021-10-31,SUZB3
2021-10-31,TAEE11
2021-10-31,TIMS3
2021-10-31,TOTS3
2021-10-31,UGPA3
2021-10-31,USIM5
2021-10-31,VALE3
2021-10-31,VBBR3
2021-10-31,VIIA3
2021-10-31,VIVT3
2021-10-31,WEGE3
2021-10-31,YDUQ3
2021-11-30,ABEV3
2021-11-30,ALPA4
2021-11-30,AMER3
2021-11-30,ASAI3
2021-11-30,AZUL4
2021-11-30,B3SA3
2021-11-30,BBAS3
2021-11-30,BBDC3
2021-11-30,BBDC4
2021-11-30,BBSE3
2021-11-30,BEEF3
2021-11-30,BIDI11
2021-11-30,BIDI4
2021-11-30,BPAC11
2021-11-30,BPAN4
2021-11-30,BRAP4
2021-11-30,BRFS3
2021-11-30,BRKM5
2021-11-30,BRML3
2021-11-30,CASH3
2021-11-30,CCRO3
2021-11-30,CIEL3
2021-11-30,CMIG4
2021-11-30,COGN3
2021-11-30,CPFE3
2021-11-30,CPLE6
2021-11-30,CRFB3
2021-11-30,CSAN3
2021-11-30,CSNA3
2021-11-30,CVCB3
2021-11-30,CYRE3
2021-11-30,DXCO3
2021-11-30,ECOR3
2021-11-30,EGIE3
2021-11-30,ELET3
2021-11-30,ELET6
2021-11-30,EMBR3
2021-11-30,ENBR3
2021-11-30,ENEV3
2021-11-30,ENGI11
2021-11-30,EQTL3
2021-11-30,EZTC3
2021-11-30,FLRY3
2021-11-30,GETT11
2021-11-30,GGBR4
2021-11-30,GOAU4
2021-11-30,GOLL4
2021-11-30,HAPV3
2021-11-30,HYPE3
2021-11-30,IGTI11
2021-11-30,IRBR3
2021-11-30,ITSA4
2021-11-30,ITUB4
2021-11-30,JBSS3
2021-11-30,JHSF3
2021-11-30,KLBN11
2021-11-30,LCAM3
2021-11-30,LREN3
2021-11-30,LWSA3
2021-11-30,MGLU3
2021-11-30,MRFG3
2021-11-30,MRVE3
2021-11-30,MULT3
2021-11-30,NTCO3
2021-11-30,PCAR3
2021-11-30,PETR3
2021-11-30,PETR4
2021-11-30,PETZ3
2021-11-30,PRIO3
2021-11-30,QUAL3
2021-11-30,RADL3
2021-11-30,RAIL3
2021-11-30,RDOR3
2021-11-30,RENT3
2021-11-30,SANB11
2021-11-30,SBSP3
2021-11-30,SOMA3
2021-11-30,SULA11
2021-11-30,SUZB3
2021-11-30,TAEE11
2021-11-30,TIMS3
2021-11-30,TOTS3
2021-11-30,UGPA3
2021-11-30,USIM5
2021-11-30,VALE3
2021-11-30,VBBR3
2021-11-30,VIIA3
2021-11-30,VIVT3
2021-11-30,WEGE3
2021-11-30,YDUQ3
2021-12-31,ABEV3
2021-12-31,ALPA4
2021-12-31,AMER3
2021-12-31,ASAI3
2021-12-31,AZUL4
2021-12-31,B3SA3
2021-12-31,BBAS3
2021-12-31,BBDC3
2021-12-31,BBDC4
2021-12-31,BBSE3
2021-12-31,BEEF3
2021-12-31,BIDI11
2021-12-31,BIDI4
2021-12-31,BPAC11
2021-12-31,BPAN4
2021-12-31,BRAP4
2021-12-31,BRFS3
2021-12-31,BRKM5
2021-12-31,BRML3
2021-12-31,CASH3
2021-12-31,CCRO3
2021-12-31,CIEL3
2021-12-31,CMIG4
2021-12-31,COGN3
2021-12-31,CPFE3
2021-12-31,CPLE6
2021-12-31,CRFB3
2021-12-31,CSAN3
2021-12-31,CSNA3
2021-12-31,CVCB3
2021-12-31,CYRE3
2021-12-31,DXCO3
2021-12-31,ECOR3
2021-12-31,EGIE3
2021-12-31,ELET3
2021-12-31,ELET6
2021-12-31,EMBR3
2021-12-31,ENBR3
2021-12-31,ENEV3
2021-12-31,ENGI11
2021-12-31,EQTL3
2021-12-31,EZTC3
2021-12-31,FLRY3
2021-12-31,GETT11
2021-12-31,GGBR4
2021-12-31,GOAU4
2021-12-31,GOLL4
2021-12-31,HAPV3
2021-12-31,HYPE3
2021-12-31,IGTI11
2021-12-31,IRBR3
2021-12-31,ITSA4
2021-12-31,ITUB4
2021-12-31,JBSS3
2021-12-31,JHSF3
2021-12-31,KLBN11
2021-12-31,LCAM3
2021-12-31,LREN3
2021-12-31,LWSA3
2021-12-31,MGLU3
2021-12-31,MRFG3
2021-12-31,MRVE3
2021-12-31,MULT3
2021-12-31,NTCO3
2021-12-31,PCAR3
2021-12-31,PETR3
2021-12-31,PETR4
2021-12-31,PETZ3
2021-12-31,PRIO3
2021-12-31,QUAL3
2021-12-31,RADL3
2021-12-31,RAIL3
2021-12-31,RDOR3
2021-12-31,RENT3
2021-12-31,SANB11
2021-12-31,SBSP3
2021-12-31,SOMA3
2021-12-31,SULA11
2021-12-31,SUZB3
2021-12-31,TAEE11
2021-12-31,TIMS3
2021-12-31,TOTS3
2021-12-31,UGPA3
2021-12-31,USIM5
2021-12-31,VALE3
2021-12-31,VBBR3
2021-12-31,VIIA3
2021-12-31,VIVT3
2021-12-31,WEGE3
2021-12-31,YDUQ3
2022-01-31,ABEV3
2022-01-31,ALPA4
2022-01-31,AMER3
2022-01-31,ASAI3
2022-01-31,AZUL4
2022-01-31,B3SA3
2022-01-31,BBAS3
2022-01-31,BBDC3
2022-01-31,BBDC4
2022-01-31,BBSE3
2022-01-31,BEEF3
2022-01-31,BIDI11
2022-01-31,BPAC11
2022-01-31,BPAN4
2022-01-31,BRAP4
2022-01-31,BRFS3
2022-01-31,BRKM5
2022-01-31,BRML3
2022-01-31,CASH3
2022-01-31,CCRO3
2022-01-31,CIEL3
2022-01-31,CMIG4
2022-01-31,CMIN3
2022-01-31,COGN3
2022-01-31,CPFE3
2022-01-31,CPLE6
2022-01-31,CRFB3
2022-01-31,CSAN3
2022-01-31,CSNA3
2022-01-31,CVCB3
2022-01-31,CYRE3
2022-01-31,DXCO3
2022-01-31,ECOR3
2022-01-31,EGIE3
2022-01-31,ELET3
2022-01-31,ELET6
2022-01-31,EMBR3
2022-01-31,ENBR3
2022-01-31,ENEV3
2022-01-31,ENGI11
2022-01-31,EQTL3
2022-01-31,EZTC3
2022-01-31,FLRY3
2022-01-31,GGBR4
2022-01-31,GOAU4
2022-01-31,GOLL4
2022-01-31,HAPV3
2022-01-31,HYPE3
2022-01-31,IGTI11
2022-01-31,IRBR3
2022-01-31,ITSA4
2022-01-31,ITUB4
2022-01-31,JBSS3
2022-01-31,JHSF3
2022-01-31,KLBN11
2022-01-31,LCAM3
2022-01-31,LREN3
2022-01-31,LWSA3
2022-01-31,MGLU3
2022-01-31,MRFG3
2022-01-31,MRVE3
2022-01-31,MULT3
2022-01-31,NTCO3
2022-01-31,PCAR3
2022-01-31,PETR3
2022-01-31,PETR4
2022-01-31,PETZ3
2022-01-31,POSI3
2022-01-31,PRIO3
2022-01-31,QUAL3
2022-01-31,RADL3
2022-01-31,RAIL3
2022-01-31,RDOR3
2022-01-31,RENT3
2022-01-31,RRRP3
2022-01-31,SANB11
2022-01-31,SBSP3
2022-01-31,SOMA3
2022-01-31,SULA11
2022-01-31,SUZB3
2022-01-31,TAEE11
2022-01-31,TIMS3
2022-01-31,TOTS3
2022-01-31,UGPA3
2022-01-31,USIM5
2022-01-31,VALE3
2022-01-31,VBBR3
2022-01-31,VIIA3
2022-01-31,VIVT3
2022-01-31,WEGE3
2022-01-31,YDUQ3
2022-02-28,ABEV3
2022-02-28,ALPA4
2022-02-28,AMER3
2022-02-28,ASAI3
2022-02-28,AZUL4
2022-02-28,B3SA3
2022-02-28,BBAS3
2022-02-28,BBDC3
2022-02-28,BBDC4
2022-02-28,BBSE3
2022-02-28,BEEF3
2022-02-28,BIDI11
2022-02-28,BPAC11
2022-02-28,BPAN4
2022-02-28,BRAP4
2022-02-28,BRFS3
2022-02-28,BRKM5
2022-02-28,BRML3
2022-02-28,CASH3
2022-02-28,CCRO3
2022-02-28,CIEL3
2022-02-28,CMIG4
2022-02-28,CMIN3
2022-02-28,COGN3
2022-02-28,CPFE3
2022-02-28,CPLE6
2022-02-28,CRFB3
2022-02-28,CSAN3
2022-02-28,CSNA3
2022-02-28,CVCB3
2022-02-28,CYRE3
2022-02-28,DXCO3
2022-02-28,ECOR3
2022-02-28,EGIE3
2022-02-28,ELET3
2022-02-28,ELET6
2022-02-28,EMBR3
2022-02-28,ENBR3
2022-02-28,ENEV3
2022-02-28,ENGI11
2022-02-28,EQTL3
2022-02-28,EZTC3
2022-02-28,FLRY3
2022-02-28,GGBR4
2022-02-28,GOAU4
2022-02-28,GOLL4
2022-02-28,HAPV3
2022-02-28,HYPE3
2022-02-28,IGTI11
2022-02-28,IRBR3
2022-02-28,ITSA4
2022-02-28,ITUB4
2022-02-28,JBSS3
2022-02-28,JHSF3
2022-02-28,KLBN11
2022-02-28,LCAM3
2022-02-28,LREN3
2022-02-28,LWSA3
2022-02-28,MGLU3
2022-02-28,MRFG3
2022-02-28,MRVE3
2022-02-28,MULT3
2022-02-28,NTCO3
2022-02-28,PCAR3
2022-02-28,PETR3
2022-02-28,PETR4
2022-02-28,PETZ3
2022-02-28,POSI3
2022-02-28,PRIO3
2022-02-28,QUAL3
2022-02-28,RADL3
2022-02-28,RAIL3
2022-02-28,RDOR3
2022-02-28,RENT3
2022-02-28,RRRP3
2022-02-28,SANB11
2022-02-28,SBSP3
2022-02-28,SOMA3
2022-02-28,SULA11
2022-02-28,SUZB3
2022-02-28,TAEE11
2022-02-28,TIMS3
2022-02-28,TOTS3
2022-02-28,UGPA3
2022-02-28,USIM5
2022-02-28,VALE3
2022-02-28,VBBR3
2022-02-28,VIIA3
2022-02-28,VIVT3
2022-02-28,WEGE3
2022-02-28,YDUQ3
2022-03-31,ABEV3
2022-03-31,ALPA4
2022-03-31,AMER3
2022-03-31,ASAI3
2022-03-31,AZUL4
2022-03-31,B3SA3
2022-03-31,BBAS3
2022-03-31,BBDC3
2022-03-31,BBDC4
2022-03-31,BBSE3
2022-03-31,BEEF3
2022-03-31,BIDI11
2022-03-31,BPAC11
2022-03-31,BPAN4
2022-03-31,BRAP4
2022-03-31,BRFS3
2022-03-31,BRKM5
2022-03-31,BRML3
2022-03-31,CASH3
2022-03-31,CCRO3
2022-03-31,CIEL3
2022-03-31,CMIG4
2022-03-31,CMIN3
2022-03-31,COGN3
2022-03-31,CPFE3
2022-03-31,CPLE6
2022-03-31,CRFB3
2022-03-31,CSAN3
2022-03-31,CSNA3
2022-03-31,CVCB3
2022-03-31,CYRE3
2022-03-31,DXCO3
2022-03-31,ECOR3
2022-03-31,EGIE3
2022-03-31,ELET3
2022-03-31,ELET6
2022-03-31,EMBR3
2022-03-31,ENBR3
2022-03-31,ENEV3
2022-03-31,ENGI11
2022-03-31,EQTL3
2022-03-31,EZTC3
2022-03-31,FLRY3
2022-03-31,GGBR4
2022-03-31,GOAU4
2022-03-31,GOLL4
2022-03-31,HAPV3
2022-03-31,HYPE3
2022-03-31,IGTI11
2022-03-31,IRBR3
2022-03-31,ITSA4
2022-03-31,ITUB4
2022-03-31,JBSS3
2022-03-31,JHSF3
2022-03-31,KLBN11
2022-03-31,LCAM3
2022-03-31,LREN3
2022-03-31,LWSA3
2022-03-31,MGLU3
2022-03-31,MRFG3
2022-03-31,MRVE3
2022-03-31,MULT3
2022-03-31,NTCO3
2022-03-31,PCAR3
2022-03-31,PETR3
2022-03-31,PETR4
2022-03-31,PETZ3
2022-03-31,POSI3
2022-03-31,PRIO3
2022-03-31,QUAL3
2022-03-31,RADL3
2022-03-31,RAIL3
2022-03-31,RDOR3
2022-03-31,RENT3
2022-03-31,RRRP3
2022-03-31,SANB11
2022-03-31,SBSP3
2022-03-31,SOMA3
2022-03-31,SULA11
2022-03-31,SUZB3
2022-03-31,TAEE11
2022-03-31,TIMS3
2022-03-31,TOTS3
2022-03-31,UGPA3
2022-03-31,USIM5
2022-03-31,VALE3
2022-03-31,VBBR3
2022-03-31,VIIA3
2022-03-31,VIVT3
2022-03-31,WEGE3
2022-03-31,YDUQ3
2022-04-30,ABEV3
2022-04-30,ALPA4
2022-04-30,AMER3
2022-04-30,ASAI3
2022-04-30,AZUL4
2022-04-30,B3SA3
2022-04-30,BBAS3
2022-04-30,BBDC3
2022-04-30,BBDC4
2022-04-30,BBSE3
2022-04-30,BEEF3
2022-04-30,BIDI11
2022-04-30,BPAC11
2022-04-30,BPAN4
2022-04-30,BRAP4
2022-04-30,BRFS3
2022-04-30,BRKM5
2022-04-30,BRML3
2022-04-30,CASH3
2022-04-30,CCRO3
2022-04-30,CIEL3
2022-04-30,CMIG4
2022-04-30,CMIN3
2022-04-30,COGN3
2022-04-30,CPFE3
2022-04-30,CPLE6
2022-04-30,CRFB3
2022-04-30,CSAN3
2022-04-30,CSNA3
2022-04-30,CVCB3
2022-04-30,CYRE3
2022-04-30,DXCO3
2022-04-30,ECOR3
2022-04-30,EGIE3
2022-04-30,ELET3
2022-04-30,ELET6
2022-04-30,EMBR3
2022-04-30,ENBR3
2022-04-30,ENEV3
2022-04-30,ENGI11
2022-04-30,EQTL3
2022-04-30,EZTC3
2022-04-30,FLRY3
2022-04-30,GGBR4
2022-04-30,GOAU4
2022-04-30,GOLL4
2022-04-30,HAPV3
2022-04-30,HYPE3
2022-04-30,IGTI11
2022-04-30,IRBR3
2022-04-30,ITSA4
2022-04-30,ITUB4
2022-04-30,JBSS3
2022-04-30,JHSF3
2022-04-30,KLBN11
2022-04-30,LCAM3
2022-04-30,LREN3
2022-04-30,LWSA3
2022-04-30,MGLU3
2022-04-30,MRFG3
2022-04-30,MRVE3
2022-04-30,MULT3
2022-04-30,NTCO3
2022-04-30,PCAR3
2022-04-30,PETR3
2022-04-30,PETR4
2022-04-30,PETZ3
2022-04-30,POSI3
2022-04-30,PRIO3
2022-04-30,QUAL3
2022-04-30,RADL3
2022-04-30,RAIL3
2022-04-30,RDOR3
2022-04-30,RENT3
2022-04-30,RRRP3
2022-04-30,SANB11
2022-04-30,SBSP3
2022-04-30,SOMA3
2022-04-30,SULA11
2022-04-30,SUZB3
2022-04-30,TAEE11
2022-04-30,TIMS3
2022-04-30,TOTS3
2022-04-30,UGPA3
2022-04-30,USIM5
2022-04-30,VALE3
2022-04-30,VBBR3
2022-04-30,VIIA3
2022-04-30,VIVT3
2022-04-30,WEGE3
2022-04-30,YDUQ3
2022-05-31,ABEV3
2022-05-31,ALPA4
2022-05-31,AMER3
2022-05-31,ASAI3
2022-05-31,AZUL4
2022-05-31,B3SA3
2022-05-31,BBAS3
2022-05-31,BBDC3
2022-05-31,BBDC4
2022-05-31,BBSE3
2022-05-31,BEEF3
2022-05-31,BIDI11
2022-05-31,BPAC11
2022-05-31,BPAN4
2022-05-31,BRAP4
2022-05-31,BRFS3
2022-05-31,BRKM5
2022-05-31,BRML3
2022-05-31,CASH3
2022-05-31,CCRO3
2022-05-31,CIEL3
2022-05-31,CMIG4
2022-05-31,CMIN3
2022-05-31,COGN3
2022-05-31,CPFE3
2022-05-31,CPLE6
2022-05-31,CRFB3
2022-05-31,CSAN3
2022-05-31,CSNA3
2022-05-31,CVCB3
2022-05-31,CYRE3
2022-05-31,DXCO3
2022-05-31,ECOR3
2022-05-31,EGIE3
2022-05-31,ELET3
2022-05-31,ELET6
2022-05-31,EMBR3
2022-05-31,ENBR3
2022-05-31,ENEV3
2022-05-31,ENGI11
2022-05-31,EQTL3
2022-05-31,EZTC3
2022-05-31,FLRY3
2022-05-31,GGBR4
2022-05-31,GOAU4
2022-05-31,GOLL4
2022-05-31,HAPV3
2022-05-31,HYPE3
2022-05-31,IGTI11
2022-05-31,IRBR3
2022-05-31,ITSA4
2022-05-31,ITUB4
2022-05-31,JBSS3
2022-05-31,JHSF3
2022-05-31,KLBN11
2022-05-31,LCAM3
2022-05-31,LREN3
2022-05-31,LWSA3
2022-05-31,MGLU3
2022-05-31,MRFG3
2022-05-31,MRVE3
2022-05-31,MULT3
2022-05-31,NTCO3
2022-05-31,PCAR3
2022-05-31,PETR3
2022-05-31,PETR4
2022-05-31,PETZ3
2022-05-31,POSI3
2022-05-31,PRIO3
2022-05-31,QUAL3
2022-05-31,RADL3
2022-05-31,RAIL3
2022-05-31,RDOR3
2022-05-31,RENT3
2022-05-31,RRRP3
2022-05-31,SANB11
2022-05-31,SBSP3
2022-05-31,SLCE3
2022-05-31,SOMA3
2022-05-31,SULA11
2022-05-31,SUZB3
2022-05-31,TAEE11
2022-05-31,TIMS3
2022-05-31,TOTS3
2022-05-31,UGPA3
2022-05-31,USIM5
2022-05-31,VALE3
2022-05-31,VBBR3
2022-05-31,VIIA3
2022-05-31,VIVT3
2022-05-31,WEGE3
2022-05-31,YDUQ3
2022-06-30,ABEV3
2022-06-30,ALPA4
2022-06-30,AMER3
2022-06-30,ASAI3
2022-06-30,AZUL4
2022-06-30,B3SA3
2022-06-30,BBAS3
2022-06-30,BBDC3
2022-06-30,BBDC4
2022-06-30,BBSE3
2022-06-30,BEEF3
2022-06-30,BPAC11
2022-06-30,BPAN4
2022-06-30,BRAP4
2022-06-30,BRFS3
2022-06-30,BRKM5
2022-06-30,BRML3
2022-06-30,CASH3
2022-06-30,CCRO3
2022-06-30,CIEL3
2022-06-30,CMIG4
2022-06-30,CMIN3
2022-06-30,COGN3
2022-06-30,CPFE3
2022-06-30,CPLE6
2022-06-30,CRFB3
2022-06-30,CSAN3
2022-06-30,CSNA3
2022-06-30,CVCB3
2022-06-30,CYRE3
2022-06-30,DXCO3
2022-06-30,ECOR3
2022-06-30,EGIE3
2022-06-30,ELET3
2022-06-30,ELET6
2022-06-30,EMBR3
2022-06-30,ENBR3
2022-06-30,ENEV3
2022-06-30,ENGI11
2022-06-30,EQTL3
2022-06-30,EZTC3
2022-06-30,FLRY3
2022-06-30,GGBR4
2022-06-30,GOAU4
2022-06-30,GOLL4
2022-06-30,HAPV3
2022-06-30,HYPE3
2022-06-30,IGTI11
2022-06-30,IRBR3
2022-06-30,ITSA4
2022-06-30,ITUB4
2022-06-30,JBSS3
2022-06-30,JHSF3
2022-06-30,KLBN11
2022-06-30,LCAM3
2022-06-30,LREN3
2022-06-30,LWSA3
2022-06-30,MGLU3
2022-06-30,MRFG3
2022-06-30,MRVE3
2022-06-30,MULT3
2022-06-30,NTCO3
2022-06-30,PCAR3
2022-06-30,PETR3
2022-06-30,PETR4
2022-06-30,PETZ3
2022-06-30,POSI3
2022-06-30,PRIO3
2022-06-30,QUAL3
2022-06-30,RADL3
2022-06-30,RAIL3
2022-06-30,RDOR3
2022-06-30,RENT3
2022-06-30,RRRP3
2022-06-30,SANB11
2022-06-30,SBSP3
2022-06-30,SLCE3
2022-06-30,SOMA3
2022-06-30,SULA11
2022-06-30,SUZB3
2022-06-30,TAEE11
2022-06-30,TIMS3
2022-06-30,TOTS3
2022-06-30,UGPA3
2022-06-30,USIM5
2022-06-30,VALE3
2022-06-30,VBBR3
2022-06-30,VIIA3
2022-06-30,VIVT3
2022-06-30,WEGE3
2022-06-30,YDUQ3
2022-07-31,ABEV3
2022-07-31,ALPA4
2022-07-31,AMER3
2022-07-31,ASAI3
2022-07-31,AZUL4
2022-07-31,B3SA3
2022-07-31,BBAS3
2022-07-31,BBDC3
2022-07-31,BBDC4
2022-07-31,BBSE3
2022-07-31,BEEF3
2022-07-31,BPAC11
2022-07-31,BPAN4
2022-07-31,BRAP4
2022-07-31,BRFS3
2022-07-31,BRKM5
2022-07-31,BRML3
2022-07-31,CASH3
2022-07-31,CCRO3
2022-07-31,CIEL3
2022-07-31,CMIG4
2022-07-31,CMIN3
2022-07-31,COGN3
2022-07-31,CPFE3
2022-07-31,CPLE6
2022-07-31,CRFB3
2022-07-31,CSAN3
2022-07-31,CSNA3
2022-07-31,CVCB3
2022-07-31,CYRE3
2022-07-31,DXCO3
2022-07-31,ECOR3
2022-07-31,EGIE3
2022-07-31,ELET3
2022-07-31,ELET6
2022-07-31,EMBR3
2022-07-31,ENBR3
2022-07-31,ENEV3
2022-07-31,ENGI11
2022-07-31,EQTL3
2022-07-31,EZTC3
2022-07-31,FLRY3
2022-07-31,GGBR4
2022-07-31,GOAU4
2022-07-31,GOLL4
2022-07-31,HAPV3
2022-07-31,HYPE3
2022-07-31,IGTI11
2022-07-31,IRBR3
2022-07-31,ITSA4
2022-07-31,ITUB4
2022-07-31,JBSS3
2022-07-31,JHSF3
2022-07-31,KLBN11
2022-07-31,LREN3
2022-07-31,LWSA3
2022-07-31,MGLU3
2022-07-31,MRFG3
2022-07-31,MRVE3
2022-07-31,MULT3
2022-07-31,NTCO3
2022-07-31,PCAR3
2022-07-31,PETR3
2022-07-31,PETR4
2022-07-31,PETZ3
2022-07-31,POSI3
2022-07-31,PRIO3
2022-07-31,QUAL3
2022-07-31,RADL3
2022-07-31,RAIL3
2022-07-31,RDOR3
2022-07-31,RENT3
2022-07-31,RRRP3
2022-07-31,SANB11
2022-07-31,SBSP3
2022-07-31,SLCE3
2022-07-31,SOMA3
2022-07-31,SULA11
2022-07-31,SUZB3
2022-07-31,TAEE11
2022-07-31,TIMS3
2022-07-31,TOTS3
2022-07-31,UGPA3
2022-07-31,USIM5
2022-07-31,VALE3
2022-07-31,VBBR3
2022-07-31,VIIA3
2022-07-31,VIVT3
2022-07-31,WEGE3
2022-07-31,YDUQ3
2022-08-31,ABEV3
2022-08-31,ALPA4
2022-08-31,AMER3
2022-08-31,ASAI3
2022-08-31,AZUL4
2022-08-31,B3SA3
2022-08-31,BBAS3
2022-08-31,BBDC3
2022-08-31,BBDC4
2022-08-31,BBSE3
2022-08-31,BEEF3
2022-08-31,BPAC11
2022-08-31,BPAN4
2022-08-31,BRAP4
2022-08-31,BRFS3
2022-08-31,BRKM5
2022-08-31,BRML3
2022-08-31,CASH3
2022-08-31,CCRO3
2022-08-31,CIEL3
2022-08-31,CMIG4
2022-08-31,CMIN3
2022-08-31,COGN3
2022-08-31,CPFE3
2022-08-31,CPLE6
2022-08-31,CRFB3
2022-08-31,CSAN3
2022-08-31,CSNA3
2022-08-31,CVCB3
2022-08-31,CYRE3
2022-08-31,DXCO3
2022-08-31,ECOR3
2022-08-31,EGIE3
2022-08-31,ELET3
2022-08-31,ELET6
2022-08-31,EMBR3
2022-08-31,ENBR3
2022-08-31,ENEV3
2022-08-31,ENGI11
2022-08-31,EQTL3
2022-08-31,EZTC3
2022-08-31,FLRY3
2022-08-31,GGBR4
2022-08-31,GOAU4
2022-08-31,GOLL4
2022-08-31,HAPV3
2022-08-31,HYPE3
2022-08-31,IGTI11
2022-08-31,IRBR3
2022-08-31,ITSA4
2022-08-31,ITUB4
2022-08-31,JBSS3
2022-08-31,JHSF3
2022-08-31,KLBN11
2022-08-31,LREN3
2022-08-31,LWSA3
2022-08-31,MGLU3
2022-08-31,MRFG3
2022-08-31,MRVE3
2022-08-31,MULT3
2022-08-31,NTCO3
2022-08-31,PCAR3
2022-08-31,PETR3
2022-08-31,PETR4
2022-08-31,PETZ3
2022-08-31,POSI3
2022-08-31,PRIO3
2022-08-31,QUAL3
2022-08-31,RADL3
2022-08-31,RAIL3
2022-08-31,RDOR3
2022-08-31,RENT3
2022-08-31,RRRP3
2022-08-31,SANB11
2022-08-31,SBSP3
2022-08-31,SLCE3
2022-08-31,SOMA3
2022-08-31,SULA11
2022-08-31,SUZB3
2022-08-31,TAEE11
2022-08-31,TIMS3
2022-08-31,TOTS3
2022-08-31,UGPA3
2022-08-31,USIM5
2022-08-31,VALE3
2022-08-31,VBBR3
2022-08-31,VIIA3
2022-08-31,VIVT3
2022-08-31,WEGE3
2022-08-31,YDUQ3
2022-09-30,ABEV3
2022-09-30,ALPA4
2022-09-30,AMER3
2022-09-30,ARZZ3
2022-09-30,ASAI3
2022-09-30,AZUL4
2022-09-30,B3SA3
2022-09-30,BBAS3
2022-09-30,BBDC3
2022-09-30,BBDC4
2022-09-30,BBSE3
2022-09-30,BEEF3
2022-09-30,BPAC11
2022-09-30,BPAN4
2022-09-30,BRAP4
2022-09-30,BRFS3
2022-09-30,BRKM5
2022-09-30,BRML3
2022-09-30,CASH3
2022-09-30,CCRO3
2022-09-30,CIEL3
2022-09-30,CMIG4
2022-09-30,CMIN3
2022-09-30,COGN3
2022-09-30,CPFE3
2022-09-30,CPLE6
2022-09-30,CRFB3
2022-09-30,CSAN3
2022-09-30,CSNA3
2022-09-30,CVCB3
2022-09-30,CYRE3
2022-09-30,DXCO3
2022-09-30,ECOR3
2022-09-30,EGIE3
2022-09-30,ELET3
2022-09-30,ELET6
2022-09-30,EMBR3
2022-09-30,ENBR3
2022-09-30,ENEV3
2022-09-30,ENGI11
2022-09-30,EQTL3
2022-09-30,EZTC3
2022-09-30,FLRY3
2022-09-30,GGBR4
2022-09-30,GOAU4
2022-09-30,GOLL4
2022-09-30,HAPV3
2022-09-30,HYPE3
2022-09-30,IGTI11
2022-09-30,IRBR3
2022-09-30,ITSA4
2022-09-30,ITUB4
2022-09-30,JBSS3
2022-09-30,KLBN11
2022-09-30,LREN3
2022-09-30,LWSA3
2022-09-30,MGLU3
2022-09-30,MRFG3
2022-09-30,MRVE3
2022-09-30,MULT3
2022-09-30,NTCO3
2022-09-30,PCAR3
2022-09-30,PETR3
2022-09-30,PETR4
2022-09-30,PETZ3
2022-09-30,POSI3
2022-09-30,PRIO3
2022-09-30,QUAL3
2022-09-30,RADL3
2022-09-30,RAIL3
2022-09-30,RAIZ4
2022-09-30,RDOR3
2022-09-30,RENT3
2022-09-30,RRRP3
2022-09-30,SANB11
2022-09-30,SBSP3
2022-09-30,SLCE3
2022-09-30,SMTO3
2022-09-30,SOMA3
2022-09-30,SULA11
2022-09-30,SUZB3
2022-09-30,TAEE11
2022-09-30,TIMS3
2022-09-30,TOTS3
2022-09-30,UGPA3
2022-09-30,USIM5
2022-09-30,VALE3
2022-09-30,VBBR3
2022-09-30,VIIA3
2022-09-30,VIVT3
2022-09-30,WEGE3
2022-09-30,YDUQ3
2022-10-31,ABEV3
2022-10-31,ALPA4
2022-10-31,AMER3
2022-10-31,ARZZ3
2022-10-31,ASAI3
2022-10-31,AZUL4
2022-10-31,B3SA3
2022-10-31,BBAS3
2022-10-31,BBDC3
2022-10-31,BBDC4
2022-10-31,BBSE3
2022-10-31,BEEF3
2022-10-31,BPAC11
2022-10-31,BPAN4
2022-10-31,BRAP4
2022-10-31,BRFS3
2022-10-31,BRKM5
2022-10-31,BRML3
2022-10-31,CASH3
2022-10-31,CCRO3
2022-10-31,CIEL3
2022-10-31,CMIG4
2022-10-31,CMIN3
2022-10-31,COGN3
2022-10-31,CPFE3
2022-10-31,CPLE6
2022-10-31,CRFB3
2022-10-31,CSAN3
2022-10-31,CSNA3
2022-10-31,CVCB3
2022-10-31,CYRE3
2022-10-31,DXCO3
2022-10-31,ECOR3
2022-10-31,EGIE3
2022-10-31,ELET3
2022-10-31,ELET6
2022-10-31,EMBR3
2022-10-31,ENBR3
2022-10-31,ENEV3
2022-10-31,ENGI11
2022-10-31,EQTL3
2022-10-31,EZTC3
2022-10-31,FLRY3
2022-10-31,GGBR4
2022-10-31,GOAU4
2022-10-31,GOLL4
2022-10-31,HAPV3
2022-10-31,HYPE3
2022-10-31,IGTI11
2022-10-31,IRBR3
2022-10-31,ITSA4
2022-10-31,ITUB4
2022-10-31,JBSS3
2022-10-31,KLBN11
2022-10-31,LREN3
2022-10-31,LWSA3
2022-10-31,MGLU3
2022-10-31,MRFG3
2022-10-31,MRVE3
2022-10-31,MULT3
2022-10-31,NTCO3
2022-10-31,PCAR3
2022-10-31,PETR3
2022-10-31,PETR4
2022-10-31,PETZ3
2022-10-31,POSI3
2022-10-31,PRIO3
2022-10-31,QUAL3
2022-10-31,RADL3
2022-10-31,RAIL3
2022-10-31,RAIZ4
2022-10-31,RDOR3
2022-10-31,RENT3
2022-10-31,RRRP3
2022-10-31,SANB11
2022-10-31,SBSP3
2022-10-31,SLCE3
2022-10-31,SMTO3
2022-10-31,SOMA3
2022-10-31,SULA11
2022-10-31,SUZB3
2022-10-31,TAEE11
2022-10-31,TIMS3
2022-10-31,TOTS3
2022-10-31,UGPA3
2022-10-31,USIM5
2022-10-31,VALE3
2022-10-31,VBBR3
2022-10-31,VIIA3
2022-10-31,VIVT3
2022-10-31,WEGE3
2022-10-31,YDUQ3
2022-11-30,ABEV3
2022-11-30,ALPA4
2022-11-30,AMER3
2022-11-30,ARZZ3
2022-11-30,ASAI3
2022-11-30,AZUL4
2022-11-30,B3SA3
2022-11-30,BBAS3
2022-11-30,BBDC3
2022-11-30,BBDC4
2022-11-30,BBSE3
2022-11-30,BEEF3
2022-11-30,BPAC11
2022-11-30,BPAN4
2022-11-30,BRAP4
2022-11-30,BRFS3
2022-11-30,BRKM5
2022-11-30,BRML3
2022-11-30,CASH3
2022-11-30,CCRO3
2022-11-30,CIEL3
2022-11-30,CMIG4
2022-11-30,CMIN3
2022-11-30,COGN3
2022-11-30,CPFE3
2022-11-30,CPLE6
2022-11-30,CRFB3
2022-11-30,CSAN3
2022-11-30,CSNA3
2022-11-30,CVCB3
2022-11-30,CYRE3
2022-11-30,DXCO3
2022-11-30,ECOR3
2022-11-30,EGIE3
2022-11-30,ELET3
2022-11-30,ELET6
2022-11-30,EMBR3
2022-11-30,ENBR3
2022-11-30,ENEV3
2022-11-30,ENGI11
2022-11-30,EQTL3
2022-11-30,EZTC3
2022-11-30,FLRY3
2022-11-30,GGBR4
2022-11-30,GOAU4
2022-11-30,GOLL4
2022-11-30,HAPV3
2022-11-30,HYPE3
2022-11-30,IGTI11
2022-11-30,IRBR3
2022-11-30,ITSA4
2022-11-30,ITUB4
2022-11-30,JBSS3
2022-11-30,KLBN11
2022-11-30,LREN3
2022-11-30,LWSA3
2022-11-30,MGLU3
2022-11-30,MRFG3
2022-11-30,MRVE3
2022-11-30,MULT3
2022-11-30,NTCO3
2022-11-30,PCAR3
2022-11-30,PETR3
2022-11-30,PETR4
2022-11-30,PETZ3
2022-11-30,POSI3
2022-11-30,PRIO3
2022-11-30,QUAL3
2022-11-30,RADL3
2022-11-30,RAIL3
2022-11-30,RAIZ4
2022-11-30,RDOR3
2022-11-30,RENT3
2022-11-30,RRRP3
2022-11-30,SANB11
2022-11-30,SBSP3
2022-11-30,SLCE3
2022-11-30,SMTO3
2022-11-30,SOMA3
2022-11-30,SULA11
2022-11-30,SUZB3
2022-11-30,TAEE11
2022-11-30,TIMS3
2022-11-30,TOTS3
2022-11-30,UGPA3
2022-11-30,USIM5
2022-11-30,VALE3
2022-11-30,VBBR3
2022-11-30,VIIA3
2022-11-30,VIVT3
2022-11-30,WEGE3
2022-11-30,YDUQ3
2022-12-31,ABEV3
2022-12-31,ALPA4
2022-12-31,AMER3
2022-12-31,ARZZ3
2022-12-31,ASAI3
2022-12-31,AZUL4
2022-12-31,B3SA3
2022-12-31,BBAS3
2022-12-31,BBDC3
2022-12-31,BBDC4
2022-12-31,BBSE3
2022-12-31,BEEF3
2022-12-31,BPAC11
2022-12-31,BPAN4
2022-12-31,BRAP4
2022-12-31,BRFS3
2022-12-31,BRKM5
2022-12-31,BRML3
2022-12-31,CASH3
2022-12-31,CCRO3
2022-12-31,CIEL3
2022-12-31,CMIG4
2022-12-31,CMIN3
2022-12-31,COGN3
2022-12-31,CPFE3
2022-12-31,CPLE6
2022-12-31,CRFB3
2022-12-31,CSAN3
2022-12-31,CSNA3
2022-12-31,CVCB3
2022-12-31,CYRE3
2022-12-31,DXCO3
2022-12-31,ECOR3
2022-12-31,EGIE3
2022-12-31,ELET3
2022-12-31,ELET6
2022-12-31,EMBR3
2022-12-31,ENBR3
2022-12-31,ENEV3
2022-12-31,ENGI11
2022-12-31,EQTL3
2022-12-31,EZTC3
2022-12-31,FLRY3
2022-12-31,GGBR4
2022-12-31,GOAU4
2022-12-31,GOLL4
2022-12-31,HAPV3
2022-12-31,HYPE3
2022-12-31,IGTI11
2022-12-31,IRBR3
2022-12-31,ITSA4
2022-12-31,ITUB4
2022-12-31,JBSS3
2022-12-31,KLBN11
2022-12-31,LREN3
2022-12-31,LWSA3
2022-12-31,MGLU3
2022-12-31,MRFG3
2022-12-31,MRVE3
2022-12-31,MULT3
2022-12-31,NTCO3
2022-12-31,PCAR3
2022-12-31,PETR3
2022-12-31,PETR4
2022-12-31,PETZ3
2022-12-31,POSI3
2022-12-31,PRIO3
2022-12-31,QUAL3
2022-12-31,RADL3
2022-12-31,RAIL3
2022-12-31,RAIZ4
2022-12-31,RDOR3
2022-12-31,RENT3
2022-12-31,RRRP3
2022-12-31,SANB11
2022-12-31,SBSP3
2022-12-31,SLCE3
2022-12-31,SMTO3
2022-12-31,SOMA3
2022-12-31,SULA11
2022-12-31,SUZB3
2022-12-31,TAEE11
2022-12-31,TIMS3
2022-12-31,TOTS3
2022-12-31,UGPA3
2022-12-31,USIM5
2022-12-31,VALE3
2022-12-31,VBBR3
2022-12-31,VIIA3
2022-12-31,VIVT3
2022-12-31,WEGE3
2022-12-31,YDUQ3
2023-01-31,ABEV3
2023-01-31,ALPA4
2023-01-31,ALSO3
2023-01-31,ARZZ3
2023-01-31,ASAI3
2023-01-31,AZUL4
2023-01-31,B3SA3
2023-01-31,BBAS3
2023-01-31,BBDC3
2023-01-31,BBDC4
2023-01-31,BBSE3
2023-01-31,BEEF3
2023-01-31,BPAC11
2023-01-31,BPAN4
2023-01-31,BRAP4
2023-01-31,BRFS3
2023-01-31,BRKM5
2023-01-31,CASH3
2023-01-31,CCRO3
2023-01-31,CIEL3
2023-01-31,CMIG4
2023-01-31,CMIN3
2023-01-31,COGN3
2023-01-31,CPFE3
2023-01-31,CPLE6
2023-01-31,CRFB3
2023-01-31,CSAN3
2023-01-31,CSNA3
2023-01-31,CVCB3
2023-01-31,CYRE3
2023-01-31,DXCO3
2023-01-31,ECOR3
2023-01-31,EGIE3
2023-01-31,ELET3
2023-01-31,ELET6
2023-01-31,EMBR3
2023-01-31,ENBR3
2023-01-31,ENEV3
2023-01-31,ENGI11
2023-01-31,EQTL3
2023-01-31,EZTC3
2023-01-31,FLRY3
2023-01-31,GGBR4
2023-01-31,GOAU4
2023-01-31,GOLL4
2023-01-31,HAPV3
2023-01-31,HYPE3
2023-01-31,IGTI11
2023-01-31,ITSA4
2023-01-31,ITUB4
2023-01-31,JBSS3
2023-01-31,KLBN11
2023-01-31,LREN3
2023-01-31,LWSA3
2023-01-31,MGLU3
2023-01-31,MRFG3
2023-01-31,MRVE3
2023-01-31,MULT3
2023-01-31,NTCO3
2023-01-31,PCAR3
2023-01-31,PETR3
2023-01-31,PETR4
2023-01-31,PETZ3
2023-01-31,PRIO3
2023-01-31,QUAL3
2023-01-31,RADL3
2023-01-31,RAIL3
2023-01-31,RAIZ4
2023-01-31,RDOR3
2023-01-31,RENT3
2023-01-31,RRRP3
2023-01-31,SANB11
2023-01-31,SBSP3
2023-01-31,SLCE3
2023-01-31,SMTO3
2023-01-31,SOMA3
2023-01-31,SUZB3
2023-01-31,TAEE11
2023-01-31,TIMS3
2023-01-31,TOTS3
2023-01-31,UGPA3
2023-01-31,USIM5
2023-01-31,VALE3
2023-01-31,VBBR3
2023-01-31,VIIA3
2023-01-31,VIVT3
2023-01-31,WEGE3
2023-01-31,YDUQ3
2023-02-28,ABEV3
2023-02-28,ALPA4
2023-02-28,ALSO3
2023-02-28,ARZZ3
2023-02-28,ASAI3
2023-02-28,AZUL4
2023-02-28,B3SA3
2023-02-28,BBAS3
2023-02-28,BBDC3
2023-02-28,BBDC4
2023-02-28,BBSE3
2023-02-28,BEEF3
2023-02-28,BPAC11
2023-02-28,BPAN4
2023-02-28,BRAP4
2023-02-28,BRFS3
2023-02-28,BRKM5
2023-02-28,CASH3
2023-02-28,CCRO3
2023-02-28,CIEL3
2023-02-28,CMIG4
2023-02-28,CMIN3
2023-02-28,COGN3
2023-02-28,CPFE3
2023-02-28,CPLE6
2023-02-28,CRFB3
2023-02-28,CSAN3
2023-02-28,CSNA3
2023-02-28,CVCB3
2023-02-28,CYRE3
2023-02-28,DXCO3
2023-02-28,ECOR3
2023-02-28,EGIE3
2023-02-28,ELET3
2023-02-28,ELET6
2023-02-28,EMBR3
2023-02-28,ENBR3
2023-02-28,ENEV3
2023-02-28,ENGI11
2023-02-28,EQTL3
2023-02-28,EZTC3
2023-02-28,FLRY3
2023-02-28,GGBR4
2023-02-28,GOAU4
2023-02-28,GOLL4
2023-02-28,HAPV3
2023-02-28,HYPE3
2023-02-28,IGTI11
2023-02-28,ITSA4
2023-02-28,ITUB4
2023-02-28,JBSS3
2023-02-28,KLBN11
2023-02-28,LREN3
2023-02-28,LWSA3
2023-02-28,MGLU3
2023-02-28,MRFG3
2023-02-28,MRVE3
2023-02-28,MULT3
2023-02-28,NTCO3
2023-02-28,PCAR3
2023-02-28,PETR3
2023-02-28,PETR4
2023-02-28,PETZ3
2023-02-28,PRIO3
2023-02-28,QUAL3
2023-02-28,RADL3
2023-02-28,RAIL3
2023-02-28,RAIZ4
2023-02-28,RDOR3
2023-02-28,RENT3
2023-02-28,RRRP3
2023-02-28,SANB11
2023-02-28,SBSP3
2023-02-28,SLCE3
2023-02-28,SMTO3
2023-02-28,SOMA3
2023-02-28,SUZB3
2023-02-28,TAEE11
2023-02-28,TIMS3
2023-02-28,TOTS3
2023-02-28,UGPA3
2023-02-28,USIM5
2023-02-28,VALE3
2023-02-28,VBBR3
2023-02-28,VIIA3
2023-02-28,VIVT3
2023-02-28,WEGE3
2023-02-28,YDUQ3
2023-03-31,ABEV3
2023-03-31,ALPA4
2023-03-31,ALSO3
2023-03-31,ARZZ3
2023-03-31,ASAI3
2023-03-31,AZUL4
2023-03-31,B3SA3
2023-03-31,BBAS3
2023-03-31,BBDC3
2023-03-31,BBDC4
2023-03-31,BBSE3
2023-03-31,BEEF3
2023-03-31,BPAC11
2023-03-31,BPAN4
2023-03-31,BRAP4
2023-03-31,BRFS3
2023-03-31,BRKM5
2023-03-31,CASH3
2023-03-31,CCRO3
2023-03-31,CIEL3
2023-03-31,CMIG4
2023-03-31,CMIN3
2023-03-31,COGN3
2023-03-31,CPFE3
2023-03-31,CPLE6
2023-03-31,CRFB3
2023-03-31,CSAN3
2023-03-31,CSNA3
2023-03-31,CVCB3
2023-03-31,CYRE3
2023-03-31,DXCO3
2023-03-31,ECOR3
2023-03-31,EGIE3
2023-03-31,ELET3
2023-03-31,ELET6
2023-03-31,EMBR3
2023-03-31,ENBR3
2023-03-31,ENEV3
2023-03-31,ENGI11
2023-03-31,EQTL3
2023-03-31,EZTC3
2023-03-31,FLRY3
2023-03-31,GGBR4
2023-03-31,GOAU4
2023-03-31,GOLL4
2023-03-31,HAPV3
2023-03-31,HYPE3
2023-03-31,IGTI11
2023-03-31,ITSA4
2023-03-31,ITUB4
2023-03-31,JBSS3
2023-03-31,KLBN11
2023-03-31,LREN3
2023-03-31,LWSA3
2023-03-31,MGLU3
2023-03-31,MRFG3
2023-03-31,MRVE3
2023-03-31,MULT3
2023-03-31,NTCO3
2023-03-31,PCAR3
2023-03-31,PETR3
2023-03-31,PETR4
2023-03-31,PETZ3
2023-03-31,PRIO3
2023-03-31,QUAL3
2023-03-31,RADL3
2023-03-31,RAIL3
2023-03-31,RAIZ4
2023-03-31,RDOR3
2023-03-31,RENT3
2023-03-31,RRRP3
2023-03-31,SANB11
2023-03-31,SBSP3
2023-03-31,SLCE3
2023-03-31,SMTO3
2023-03-31,SOMA3
2023-03-31,SUZB3
2023-03-31,TAEE11
2023-03-31,TIMS3
2023-03-31,TOTS3
2023-03-31,UGPA3
2023-03-31,USIM5
2023-03-31,VALE3
2023-03-31,VBBR3
2023-03-31,VIIA3
2023-03-31,VIVT3
2023-03-31,WEGE3
2023-03-31,YDUQ3
2023-04-30,ABEV3
2023-04-30,ALPA4
2023-04-30,ALSO3
2023-04-30,ARZZ3
2023-04-30,ASAI3
2023-04-30,AZUL4
2023-04-30,B3SA3
2023-04-30,BBAS3
2023-04-30,BBDC3
2023-04-30,BBDC4
2023-04-30,BBSE3
2023-04-30,BEEF3
2023-04-30,BPAC11
2023-04-30,BPAN4
2023-04-30,BRAP4
2023-04-30,BRFS3
2023-04-30,BRKM5
2023-04-30,CASH3
2023-04-30,CCRO3
2023-04-30,CIEL3
2023-04-30,CMIG4
2023-04-30,CMIN3
2023-04-30,COGN3
2023-04-30,CPFE3
2023-04-30,CPLE6
2023-04-30,CRFB3
2023-04-30,CSAN3
2023-04-30,CSNA3
2023-04-30,CVCB3
2023-04-30,CYRE3
2023-04-30,DXCO3
2023-04-30,ECOR3
2023-04-30,EGIE3
2023-04-30,ELET3
2023-04-30,ELET6
2023-04-30,EMBR3
2023-04-30,ENBR3
2023-04-30,ENEV3
2023-04-30,ENGI11
2023-04-30,EQTL3
2023-04-30,EZTC3
2023-04-30,FLRY3
2023-04-30,GGBR4
2023-04-30,GOAU4
2023-04-30,GOLL4
2023-04-30,HAPV3
2023-04-30,HYPE3
2023-04-30,IGTI11
2023-04-30,ITSA4
2023-04-30,ITUB4
2023-04-30,JBSS3
2023-04-30,KLBN11
2023-04-30,LREN3
2023-04-30,LWSA3
2023-04-30,MGLU3
2023-04-30,MRFG3
2023-04-30,MRVE3
2023-04-30,MULT3
2023-04-30,NTCO3
2023-04-30,PCAR3
2023-04-30,PETR3
2023-04-30,PETR4
2023-04-30,PETZ3
2023-04-30,PRIO3
2023-04-30,QUAL3
2023-04-30,RADL3
2023-04-30,RAIL3
2023-04-30,RAIZ4
2023-04-30,RDOR3
2023-04-30,RENT3
2023-04-30,RRRP3
2023-04-30,SANB11
2023-04-30,SBSP3
2023-04-30,SLCE3
2023-04-30,SMTO3
2023-04-30,SOMA3
2023-04-30,SUZB3
2023-04-30,TAEE11
2023-04-30,TIMS3
2023-04-30,TOTS3
2023-04-30,UGPA3
2023-04-30,USIM5
2023-04-30,VALE3
2023-04-30,VBBR3
2023-04-30,VIIA3
2023-04-30,VIVT3
2023-04-30,WEGE3
2023-04-30,YDUQ3
2023-05-31,ABEV3
2023-05-31,ALPA4
2023-05-31,ALSO3
2023-05-31,ARZZ3
2023-05-31,ASAI3
2023-05-31,AZUL4
2023-05-31,B3SA3
2023-05-31,BBAS3
2023-05-31,BBDC3
2023-05-31,BBDC4
2023-05-31,BBSE3
2023-05-31,BEEF3
2023-05-31,BPAC11
2023-05-31,BRAP4
2023-05-31,BRFS3
2023-05-31,BRKM5
2023-05-31,CASH3
2023-05-31,CCRO3
2023-05-31,CIEL3
2023-05-31,CMIG4
2023-05-31,CMIN3
2023-05-31,COGN3
2023-05-31,CPFE3
2023-05-31,CPLE6
2023-05-31,CRFB3
2023-05-31,CSAN3
2023-05-31,CSNA3
2023-05-31,CVCB3
2023-05-31,CYRE3
2023-05-31,DXCO3
2023-05-31,EGIE3
2023-05-31,ELET3
2023-05-31,ELET6
2023-05-31,EMBR3
2023-05-31,ENBR3
2023-05-31,ENEV3
2023-05-31,ENGI11
2023-05-31,EQTL3
2023-05-31,EZTC3
2023-05-31,FLRY3
2023-05-31,GGBR4
2023-05-31,GOAU4
2023-05-31,GOLL4
2023-05-31,HAPV3
2023-05-31,HYPE3
2023-05-31,IGTI11
2023-05-31,IRBR3
2023-05-31,ITSA4
2023-05-31,ITUB4
2023-05-31,JBSS3
2023-05-31,KLBN11
2023-05-31,LREN3
2023-05-31,LWSA3
2023-05-31,MGLU3
2023-05-31,MRFG3
2023-05-31,MRVE3
2023-05-31,MULT3
2023-05-31,NTCO3
2023-05-31,PCAR3
2023-05-31,PETR3
2023-05-31,PETR4
2023-05-31,PETZ3
2023-05-31,PRIO3
2023-05-31,RADL3
2023-05-31,RAIL3
2023-05-31,RAIZ4
2023-05-31,RDOR3
2023-05-31,RENT3
2023-05-31,RRRP3
2023-05-31,SANB11
2023-05-31,SBSP3
2023-05-31,SLCE3
2023-05-31,SMTO3
2023-05-31,SOMA3
2023-05-31,SUZB3
2023-05-31,TAEE11
2023-05-31,TIMS3
2023-05-31,TOTS3
2023-05-31,UGPA3
2023-05-31,USIM5
2023-05-31,VALE3
2023-05-31,VBBR3
2023-05-31,VIIA3
2023-05-31,VIVT3
2023-05-31,WEGE3
2023-05-31,YDUQ3
2023-06-30,ABEV3
2023-06-30,ALPA4
2023-06-30,ALSO3
2023-06-30,ARZZ3
2023-06-30,ASAI3
2023-06-30,AZUL4
2023-06-30,B3SA3
2023-06-30,BBAS3
2023-06-30,BBDC3
2023-06-30,BBDC4
2023-06-30,BBSE3
2023-06-30,BEEF3
2023-06-30,BPAC11
2023-06-30,BRAP4
2023-06-30,BRFS3
2023-06-30,BRKM5
2023-06-30,CASH3
2023-06-30,CCRO3
2023-06-30,CIEL3
2023-06-30,CMIG4
2023-06-30,CMIN3
2023-06-30,COGN3
2023-06-30,CPFE3
2023-06-30,CPLE6
2023-06-30,CRFB3
2023-06-30,CSAN3
2023-06-30,CSNA3
2023-06-30,CVCB3
2023-06-30,CYRE3
2023-06-30,DXCO3
2023-06-30,EGIE3
2023-06-30,ELET3
2023-06-30,ELET6
2023-06-30,EMBR3
2023-06-30,ENEV3
2023-06-30,ENGI11
2023-06-30,EQTL3
2023-06-30,EZTC3
2023-06-30,FLRY3
2023-06-30,GGBR4
2023-06-30,GOAU4
2023-06-30,GOLL4
2023-06-30,HAPV3
2023-06-30,HYPE3
2023-06-30,IGTI11
2023-06-30,IRBR3
2023-06-30,ITSA4
2023-06-30,ITUB4
2023-06-30,JBSS3
2023-06-30,KLBN11
2023-06-30,LREN3
2023-06-30,LWSA3
2023-06-30,MGLU3
2023-06-30,MRFG3
2023-06-30,MRVE3
2023-06-30,MULT3
2023-06-30,NTCO3
2023-06-30,PCAR3
2023-06-30,PETR3
2023-06-30,PETR4
2023-06-30,PETZ3
2023-06-30,PRIO3
2023-06-30,RADL3
2023-06-30,RAIL3
2023-06-30,RAIZ4
2023-06-30,RDOR3
2023-06-30,RENT3
2023-06-30,RRRP3
2023-06-30,SANB11
2023-06-30,SBSP3
2023-06-30,SLCE3
2023-06-30,SMTO3
2023-06-30,SOMA3
2023-06-30,SUZB3
2023-06-30,TAEE11
2023-06-30,TIMS3
2023-06-30,TOTS3
2023-06-30,UGPA3
2023-06-30,USIM5
2023-06-30,VALE3
2023-06-30,VBBR3
2023-06-30,VIIA3
2023-06-30,VIVT3
2023-06-30,WEGE3
2023-06-30,YDUQ3
2023-07-31,ABEV3
2023-07-31,ALPA4
2023-07-31,ALSO3
2023-07-31,ARZZ3
2023-07-31,ASAI3
2023-07-31,AZUL4
2023-07-31,B3SA3
2023-07-31,BBAS3
2023-07-31,BBDC3
2023-07-31,BBDC4
2023-07-31,BBSE3
2023-07-31,BEEF3
2023-07-31,BPAC11
2023-07-31,BRAP4
2023-07-31,BRFS3
2023-07-31,BRKM5
2023-07-31,CASH3
2023-07-31,CCRO3
2023-07-31,CIEL3
2023-07-31,CMIG4
2023-07-31,CMIN3
2023-07-31,COGN3
2023-07-31,CPFE3
2023-07-31,CPLE6
2023-07-31,CRFB3
2023-07-31,CSAN3
2023-07-31,CSNA3
2023-07-31,CVCB3
2023-07-31,CYRE3
2023-07-31,DXCO3
2023-07-31,EGIE3
2023-07-31,ELET3
2023-07-31,ELET6
2023-07-31,EMBR3
2023-07-31,ENEV3
2023-07-31,ENGI11
2023-07-31,EQTL3
2023-07-31,EZTC3
2023-07-31,FLRY3
2023-07-31,GGBR4
2023-07-31,GOAU4
2023-07-31,GOLL4
2023-07-31,HAPV3
2023-07-31,HYPE3
2023-07-31,IGTI11
2023-07-31,IRBR3
2023-07-31,ITSA4
2023-07-31,ITUB4
2023-07-31,JBSS3
2023-07-31,KLBN11
2023-07-31,LREN3
2023-07-31,LWSA3
2023-07-31,MGLU3
2023-07-31,MRFG3
2023-07-31,MRVE3
2023-07-31,MULT3
2023-07-31,NTCO3
2023-07-31,PCAR3
2023-07-31,PETR3
2023-07-31,PETR4
2023-07-31,PETZ3
2023-07-31,PRIO3
2023-07-31,RADL3
2023-07-31,RAIL3
2023-07-31,RAIZ4
2023-07-31,RDOR3
2023-07-31,RENT3
2023-07-31,RRRP3
2023-07-31,SANB11
2023-07-31,SBSP3
2023-07-31,SLCE3
2023-07-31,SMTO3
2023-07-31,SOMA3
2023-07-31,SUZB3
2023-07-31,TAEE11
2023-07-31,TIMS3
2023-07-31,TOTS3
2023-07-31,UGPA3
2023-07-31,USIM5
2023-07-31,VALE3
2023-07-31,VBBR3
2023-07-31,VIIA3
2023-07-31,VIVT3
2023-07-31,WEGE3
2023-07-31,YDUQ3
2023-08-31,ABEV3
2023-08-31,ALPA4
2023-08-31,ALSO3
2023-08-31,ARZZ3
2023-08-31,ASAI3
2023-08-31,AZUL4
2023-08-31,B3SA3
2023-08-31,BBAS3
2023-08-31,BBDC3
2023-08-31,BBDC4
2023-08-31,BBSE3
2023-08-31,BEEF3
2023-08-31,BPAC11
2023-08-31,BRAP4
2023-08-31,BRFS3
2023-08-31,BRKM5
2023-08-31,CASH3
2023-08-31,CCRO3
2023-08-31,CIEL3
2023-08-31,CMIG4
2023-08-31,CMIN3
2023-08-31,COGN3
2023-08-31,CPFE3
2023-08-31,CPLE6
2023-08-31,CRFB3
2023-08-31,CSAN3
2023-08-31,CSNA3
2023-08-31,CVCB3
2023-08-31,CYRE3
2023-08-31,DXCO3
2023-08-31,EGIE3
2023-08-31,ELET3
2023-08-31,ELET6
2023-08-31,EMBR3
2023-08-31,ENEV3
2023-08-31,ENGI11
2023-08-31,EQTL3
2023-08-31,EZTC3
2023-08-31,FLRY3
2023-08-31,GGBR4
2023-08-31,GOAU4
2023-08-31,GOLL4
2023-08-31,HAPV3
2023-08-31,HYPE3
2023-08-31,IGTI11
2023-08-31,IRBR3
2023-08-31,ITSA4
2023-08-31,ITUB4
2023-08-31,JBSS3
2023-08-31,KLBN11
2023-08-31,LREN3
2023-08-31,LWSA3
2023-08-31,MGLU3
2023-08-31,MRFG3
2023-08-31,MRVE3
2023-08-31,MULT3
2023-08-31,NTCO3
2023-08-31,PCAR3
2023-08-31,PETR3
2023-08-31,PETR4
2023-08-31,PETZ3
2023-08-31,PRIO3
2023-08-31,RADL3
2023-08-31,RAIL3
2023-08-31,RAIZ4
2023-08-31,RDOR3
2023-08-31,RENT3
2023-08-31,RRRP3
2023-08-31,SANB11
2023-08-31,SBSP3
2023-08-31,SLCE3
2023-08-31,SMTO3
2023-08-31,SOMA3
2023-08-31,SUZB3
2023-08-31,TAEE11
2023-08-31,TIMS3
2023-08-31,TOTS3
2023-08-31,UGPA3
2023-08-31,USIM5
2023-08-31,VALE3
2023-08-31,VBBR3
2023-08-31,VIIA3
2023-08-31,VIVT3
2023-08-31,WEGE3
2023-08-31,YDUQ3
2023-09-30,ABEV3
2023-09-30,ALPA4
2023-09-30,ALSO3
2023-09-30,ARZZ3
2023-09-30,ASAI3
2023-09-30,AZUL4
2023-09-30,B3SA3
2023-09-30,BBAS3
2023-09-30,BBDC3
2023-09-30,BBDC4
2023-09-30,BBSE3
2023-09-30,BEEF3
2023-09-30,BHIA3
2023-09-30,BPAC11
2023-09-30,BRAP4
2023-09-30,BRFS3
2023-09-30,BRKM5
2023-09-30,CCRO3
2023-09-30,CIEL3
2023-09-30,CMIG4
2023-09-30,CMIN3
2023-09-30,COGN3
2023-09-30,CPFE3
2023-09-30,CPLE6
2023-09-30,CRFB3
2023-09-30,CSAN3
2023-09-30,CSNA3
2023-09-30,CVCB3
2023-09-30,CYRE3
2023-09-30,DXCO3
2023-09-30,EGIE3
2023-09-30,ELET3
2023-09-30,ELET6
2023-09-30,EMBR3
2023-09-30,ENEV3
2023-09-30,ENGI11
2023-09-30,EQTL3
2023-09-30,EZTC3
2023-09-30,FLRY3
2023-09-30,GGBR4
2023-09-30,GOAU4
2023-09-30,GOLL4
2023-09-30,HAPV3
2023-09-30,HYPE3
2023-09-30,IGTI11
2023-09-30,IRBR3
2023-09-30,ITSA4
2023-09-30,ITUB4
2023-09-30,JBSS3
2023-09-30,KLBN11
2023-09-30,LREN3
2023-09-30,LWSA3
2023-09-30,MGLU3
2023-09-30,MRFG3
2023-09-30,MRVE3
2023-09-30,MULT3
2023-09-30,NTCO3
2023-09-30,PCAR3
2023-09-30,PETR3
2023-09-30,PETR4
2023-09-30,PETZ3
2023-09-30,PRIO3
2023-09-30,RADL3
2023-09-30,RAIL3
2023-09-30,RAIZ4
2023-09-30,RDOR3
2023-09-30,RECV3
2023-09-30,RENT3
2023-09-30,RRRP3
2023-09-30,SANB11
2023-09-30,SBSP3
2023-09-30,SLCE3
2023-09-30,SMTO3
2023-09-30,SOMA3
2023-09-30,SUZB3
2023-09-30,TAEE11
2023-09-30,TIMS3
2023-09-30,TOTS3
2023-09-30,UGPA3
2023-09-30,USIM5
2023-09-30,VALE3
2023-09-30,VAMO3
2023-09-30,VBBR3
2023-09-30,VIVT3
2023-09-30,WEGE3
2023-09-30,YDUQ3
2023-10-31,ABEV3
2023-10-31,ALPA4
2023-10-31,ALSO3
2023-10-31,ARZZ3
2023-10-31,ASAI3
2023-10-31,AZUL4
2023-10-31,B3SA3
2023-10-31,BBAS3
2023-10-31,BBDC3
2023-10-31,BBDC4
2023-10-31,BBSE3
2023-10-31,BEEF3
2023-10-31,BHIA3
2023-10-31,BPAC11
2023-10-31,BRAP4
2023-10-31,BRFS3
2023-10-31,BRKM5
2023-10-31,CCRO3
2023-10-31,CIEL3
2023-10-31,CMIG4
2023-10-31,CMIN3
2023-10-31,COGN3
2023-10-31,CPFE3
2023-10-31,CPLE6
2023-10-31,CRFB3
2023-10-31,CSAN3
2023-10-31,CSNA3
2023-10-31,CVCB3
2023-10-31,CYRE3
2023-10-31,DXCO3
2023-10-31,EGIE3
2023-10-31,ELET3
2023-10-31,ELET6
2023-10-31,EMBR3
2023-10-31,ENEV3
2023-10-31,ENGI11
2023-10-31,EQTL3
2023-10-31,EZTC3
2023-10-31,FLRY3
2023-10-31,GGBR4
2023-10-31,GOAU4
2023-10-31,GOLL4
2023-10-31,HAPV3
2023-10-31,HYPE3
2023-10-31,IGTI11
2023-10-31,IRBR3
2023-10-31,ITSA4
2023-10-31,ITUB4
2023-10-31,JBSS3
2023-10-31,KLBN11
2023-10-31,LREN3
2023-10-31,LWSA3
2023-10-31,MGLU3
2023-10-31,MRFG3
2023-10-31,MRVE3
2023-10-31,MULT3
2023-10-31,NTCO3
2023-10-31,PCAR3
2023-10-31,PETR3
2023-10-31,PETR4
2023-10-31,PETZ3
2023-10-31,PRIO3
2023-10-31,RADL3
2023-10-31,RAIL3
2023-10-31,RAIZ4
2023-10-31,RDOR3
2023-10-31,RECV3
2023-10-31,RENT3
2023-10-31,RRRP3
2023-10-31,SANB11
2023-10-31,SBSP3
2023-10-31,SLCE3
2023-10-31,SMTO3
2023-10-31,SOMA3
2023-10-31,SUZB3
2023-10-31,TAEE11
2023-10-31,TIMS3
2023-10-31,TOTS3
2023-10-31,UGPA3
2023-10-31,USIM5
2023-10-31,VALE3
2023-10-31,VAMO3
2023-10-31,VBBR3
2023-10-31,VIVT3
2023-10-31,WEGE3
2023-10-31,YDUQ3
2023-11-30,ABEV3
2023-11-30,ALPA4
2023-11-30,ALSO3
2023-11-30,ARZZ3
2023-11-30,ASAI3
2023-11-30,AZUL4
2023-11-30,B3SA3
2023-11-30,BBAS3
2023-11-30,BBDC3
2023-11-30,BBDC4
2023-11-30,BBSE3
2023-11-30,BEEF3
2023-11-30,BHIA3
2023-11-30,BPAC11
2023-11-30,BRAP4
2023-11-30,BRFS3
2023-11-30,BRKM5
2023-11-30,CCRO3
2023-11-30,CIEL3
2023-11-30,CMIG4
2023-11-30,CMIN3
2023-11-30,COGN3
2023-11-30,CPFE3
2023-11-30,CPLE6
2023-11-30,CRFB3
2023-11-30,CSAN3
2023-11-30,CSNA3
2023-11-30,CVCB3
2023-11-30,CYRE3
2023-11-30,DXCO3
2023-11-30,EGIE3
2023-11-30,ELET3
2023-11-30,ELET6
2023-11-30,EMBR3
2023-11-30,ENEV3
2023-11-30,ENGI11
2023-11-30,EQTL3
2023-11-30,EZTC3
2023-11-30,FLRY3
2023-11-30,GGBR4
2023-11-30,GOAU4
2023-11-30,GOLL4
2023-11-30,HAPV3
2023-11-30,HYPE3
2023-11-30,IGTI11
2023-11-30,IRBR3
2023-11-30,ITSA4
2023-11-30,ITUB4
2023-11-30,JBSS3
2023-11-30,KLBN11
2023-11-30,LREN3
2023-11-30,LWSA3
2023-11-30,MGLU3
2023-11-30,MRFG3
2023-11-30,MRVE3
2023-11-30,MULT3
2023-11-30,NTCO3
2023-11-30,PCAR3
2023-11-30,PETR3
2023-11-30,PETR4
2023-11-30,PETZ3
2023-11-30,PRIO3
2023-11-30,RADL3
2023-11-30,RAIL3
2023-11-30,RAIZ4
2023-11-30,RDOR3
2023-11-30,RECV3
2023-11-30,RENT3
2023-11-30,RRRP3
2023-11-30,SANB11
2023-11-30,SBSP3
2023-11-30,SLCE3
2023-11-30,SMTO3
2023-11-30,SOMA3
2023-11-30,SUZB3
2023-11-30,TAEE11
2023-11-30,TIMS3
2023-11-30,TOTS3
2023-11-30,UGPA3
2023-11-30,USIM5
2023-11-30,VALE3
2023-11-30,VAMO3
2023-11-30,VBBR3
2023-11-30,VIVT3
2023-11-30,WEGE3
2023-11-30,YDUQ3
2023-12-31,ABEV3
2023-12-31,ALOS3
2023-12-31,ALPA4
2023-12-31,ARZZ3
2023-12-31,ASAI3
2023-12-31,AZUL4
2023-12-31,B3SA3
2023-12-31,BBAS3
2023-12-31,BBDC3
2023-12-31,BBDC4
2023-12-31,BBSE3
2023-12-31,BEEF3
2023-12-31,BHIA3
2023-12-31,BPAC11
2023-12-31,BRAP4
2023-12-31,BRFS3
2023-12-31,BRKM5
2023-12-31,CCRO3
2023-12-31,CIEL3
2023-12-31,CMIG4
2023-12-31,CMIN3
2023-12-31,COGN3
2023-12-31,CPFE3
2023-12-31,CPLE6
2023-12-31,CRFB3
2023-12-31,CSAN3
2023-12-31,CSNA3
2023-12-31,CVCB3
2023-12-31,CYRE3
2023-12-31,DXCO3
2023-12-31,EGIE3
2023-12-31,ELET3
2023-12-31,ELET6
2023-12-31,EMBR3
2023-12-31,ENEV3
2023-12-31,ENGI11
2023-12-31,EQTL3
2023-12-31,EZTC3
2023-12-31,FLRY3
2023-12-31,GGBR4
2023-12-31,GOAU4
2023-12-31,GOLL4
2023-12-31,HAPV3
2023-12-31,HYPE3
2023-12-31,IGTI11
2023-12-31,IRBR3
2023-12-31,ITSA4
2023-12-31,ITUB4
2023-12-31,JBSS3
2023-12-31,KLBN11
2023-12-31,LREN3
2023-12-31,LWSA3
2023-12-31,MGLU3
2023-12-31,MRFG3
2023-12-31,MRVE3
2023-12-31,MULT3
2023-12-31,NTCO3
2023-12-31,PCAR3
2023-12-31,PETR3
2023-12-31,PETR4
2023-12-31,PETZ3
2023-12-31,PRIO3
2023-12-31,RADL3
2023-12-31,RAIL3
2023-12-31,RAIZ4
2023-12-31,RDOR3
2023-12-31,RECV3
2023-12-31,RENT3
2023-12-31,RRRP3
2023-12-31,SANB11
2023-12-31,SBSP3
2023-12-31,SLCE3
2023-12-31,SMTO3
2023-12-31,SOMA3
2023-12-31,SUZB3
2023-12-31,TAEE11
2023-12-31,TIMS3
2023-12-31,TOTS3
2023-12-31,UGPA3
2023-12-31,USIM5
2023-12-31,VALE3
2023-12-31,VAMO3
2023-12-31,VBBR3
2023-12-31,VIVT3
2023-12-31,WEGE3
2023-12-31,YDUQ3
2024-01-31,ABEV3
2024-01-31,ALOS3
2024-01-31,ALPA4
2024-01-31,ARZZ3
2024-01-31,ASAI3
2024-01-31,AZUL4
2024-01-31,B3SA3
2024-01-31,BBAS3
2024-01-31,BBDC3
2024-01-31,BBDC4
2024-01-31,BBSE3
2024-01-31,BEEF3
2024-01-31,BHIA3
2024-01-31,BPAC11
2024-01-31,BRAP4
2024-01-31,BRFS3
2024-01-31,BRKM5
2024-01-31,CCRO3
2024-01-31,CIEL3
2024-01-31,CMIG4
2024-01-31,CMIN3
2024-01-31,COGN3
2024-01-31,CPFE3
2024-01-31,CPLE6
2024-01-31,CRFB3
2024-01-31,CSAN3
2024-01-31,CSNA3
2024-01-31,CVCB3
2024-01-31,CYRE3
2024-01-31,DXCO3
2024-01-31,EGIE3
2024-01-31,ELET3
2024-01-31,ELET6
2024-01-31,EMBR3
2024-01-31,ENEV3
2024-01-31,ENGI11
2024-01-31,EQTL3
2024-01-31,EZTC3
2024-01-31,FLRY3
2024-01-31,GGBR4
2024-01-31,GOAU4
2024-01-31,GOLL4
2024-01-31,HAPV3
2024-01-31,HYPE3
2024-01-31,IGTI11
2024-01-31,IRBR3
2024-01-31,ITSA4
2024-01-31,ITUB4
2024-01-31,JBSS3
2024-01-31,KLBN11
2024-01-31,LREN3
2024-01-31,LWSA3
2024-01-31,MGLU3
2024-01-31,MRFG3
2024-01-31,MRVE3
2024-01-31,MULT3
2024-01-31,NTCO3
2024-01-31,PCAR3
2024-01-31,PETR3
2024-01-31,PETR4
2024-01-31,PETZ3
2024-01-31,PRIO3
2024-01-31,RADL3
2024-01-31,RAIL3
2024-01-31,RAIZ4
2024-01-31,RDOR3
2024-01-31,RECV3
2024-01-31,RENT3
2024-01-31,RRRP3
2024-01-31,SANB11
2024-01-31,SBSP3
2024-01-31,SLCE3
2024-01-31,SMTO3
2024-01-31,SOMA3
2024-01-31,SUZB3
2024-01-31,TAEE11
2024-01-31,TIMS3
2024-01-31,TOTS3
2024-01-31,TRPL4
2024-01-31,UGPA3
2024-01-31,USIM5
2024-01-31,VALE3
2024-01-31,VAMO3
2024-01-31,VBBR3
2024-01-31,VIVT3
2024-01-31,WEGE3
2024-01-31,YDUQ3
2024-02-29,ABEV3
2024-02-29,ALOS3
2024-02-29,ALPA4
2024-02-29,ARZZ3
2024-02-29,ASAI3
2024-02-29,AZUL4
2024-02-29,B3SA3
2024-02-29,BBAS3
2024-02-29,BBDC3
2024-02-29,BBDC4
2024-02-29,BBSE3
2024-02-29,BEEF3
2024-02-29,BHIA3
2024-02-29,BPAC11
2024-02-29,BRAP4
2024-02-29,BRFS3
2024-02-29,BRKM5
2024-02-29,CCRO3
2024-02-29,CIEL3
2024-02-29,CMIG4
2024-02-29,CMIN3
2024-02-29,COGN3
2024-02-29,CPFE3
2024-02-29,CPLE6
2024-02-29,CRFB3
2024-02-29,CSAN3
2024-02-29,CSNA3
2024-02-29,CVCB3
2024-02-29,CYRE3
2024-02-29,DXCO3
2024-02-29,EGIE3
2024-02-29,ELET3
2024-02-29,ELET6
2024-02-29,EMBR3
2024-02-29,ENEV3
2024-02-29,ENGI11
2024-02-29,EQTL3
2024-02-29,EZTC3
2024-02-29,FLRY3
2024-02-29,GGBR4
2024-02-29,GOAU4
2024-02-29,HAPV3
2024-02-29,HYPE3
2024-02-29,IGTI11
2024-02-29,IRBR3
2024-02-29,ITSA4
2024-02-29,ITUB4
2024-02-29,JBSS3
2024-02-29,KLBN11
2024-02-29,LREN3
2024-02-29,LWSA3
2024-02-29,MGLU3
2024-02-29,MRFG3
2024-02-29,MRVE3
2024-02-29,MULT3
2024-02-29,NTCO3
2024-02-29,PCAR3
2024-02-29,PETR3
2024-02-29,PETR4
2024-02-29,PETZ3
2024-02-29,PRIO3
2024-02-29,RADL3
2024-02-29,RAIL3
2024-02-29,RAIZ4
2024-02-29,RDOR3
2024-02-29,RECV3
2024-02-29,RENT3
2024-02-29,RRRP3
2024-02-29,SANB11
2024-02-29,SBSP3
2024-02-29,SLCE3
2024-02-29,SMTO3
2024-02-29,SOMA3
2024-02-29,SUZB3
2024-02-29,TAEE11
2024-02-29,TIMS3
2024-02-29,TOTS3
2024-02-29,TRPL4
2024-02-29,UGPA3
2024-02-29,USIM5
2024-02-29,VALE3
2024-02-29,VAMO3
2024-02-29,VBBR3
2024-02-29,VIVT3
2024-02-29,WEGE3
2024-02-29,YDUQ3
2024-03-31,ABEV3
2024-03-31,ALOS3
2024-03-31,ALPA4
2024-03-31,ARZZ3
2024-03-31,ASAI3
2024-03-31,AZUL4
2024-03-31,B3SA3
2024-03-31,BBAS3
2024-03-31,BBDC3
2024-03-31,BBDC4
2024-03-31,BBSE3
2024-03-31,BEEF3
2024-03-31,BHIA3
2024-03-31,BPAC11
2024-03-31,BRAP4
2024-03-31,BRFS3
2024-03-31,BRKM5
2024-03-31,CCRO3
2024-03-31,CIEL3
2024-03-31,CMIG4
2024-03-31,CMIN3
2024-03-31,COGN3
2024-03-31,CPFE3
2024-03-31,CPLE6
2024-03-31,CRFB3
2024-03-31,CSAN3
2024-03-31,CSNA3
2024-03-31,CVCB3
2024-03-31,CYRE3
2024-03-31,DXCO3
2024-03-31,EGIE3
2024-03-31,ELET3
2024-03-31,ELET6
2024-03-31,EMBR3
2024-03-31,ENEV3
2024-03-31,ENGI11
2024-03-31,EQTL3
2024-03-31,EZTC3
2024-03-31,FLRY3
2024-03-31,GGBR4
2024-03-31,GOAU4
2024-03-31,HAPV3
2024-03-31,HYPE3
2024-03-31,IGTI11
2024-03-31,IRBR3
2024-03-31,ITSA4
2024-03-31,ITUB4
2024-03-31,JBSS3
2024-03-31,KLBN11
2024-03-31,LREN3
2024-03-31,LWSA3
2024-03-31,MGLU3
2024-03-31,MRFG3
2024-03-31,MRVE3
2024-03-31,MULT3
2024-03-31,NTCO3
2024-03-31,PCAR3
2024-03-31,PETR3
2024-03-31,PETR4
2024-03-31,PETZ3
2024-03-31,PRIO3
2024-03-31,RADL3
2024-03-31,RAIL3
2024-03-31,RAIZ4
2024-03-31,RDOR3
2024-03-31,RECV3
2024-03-31,RENT3
2024-03-31,RRRP3
2024-03-31,SANB11
2024-03-31,SBSP3
2024-03-31,SLCE3
2024-03-31,SMTO3
2024-03-31,SOMA3
2024-03-31,SUZB3
2024-03-31,TAEE11
2024-03-31,TIMS3
2024-03-31,TOTS3
2024-03-31,TRPL4
2024-03-31,UGPA3
2024-03-31,USIM5
2024-03-31,VALE3
2024-03-31,VAMO3
2024-03-31,VBBR3
2024-03-31,VIVT3
2024-03-31,WEGE3
2024-03-31,YDUQ3
2024-04-30,ABEV3
2024-04-30,ALOS3
2024-04-30,ALPA4
2024-04-30,ARZZ3
2024-04-30,ASAI3
2024-04-30,AZUL4
2024-04-30,B3SA3
2024-04-30,BBAS3
2024-04-30,BBDC3
2024-04-30,BBDC4
2024-04-30,BBSE3
2024-04-30,BEEF3
2024-04-30,BHIA3
2024-04-30,BPAC11
2024-04-30,BRAP4
2024-04-30,BRFS3
2024-04-30,BRKM5
2024-04-30,CCRO3
2024-04-30,CIEL3
2024-04-30,CMIG4
2024-04-30,CMIN3
2024-04-30,COGN3
2024-04-30,CPFE3
2024-04-30,CPLE6
2024-04-30,CRFB3
2024-04-30,CSAN3
2024-04-30,CSNA3
2024-04-30,CVCB3
2024-04-30,CYRE3
2024-04-30,DXCO3
2024-04-30,EGIE3
2024-04-30,ELET3
2024-04-30,ELET6
2024-04-30,EMBR3
2024-04-30,ENEV3
2024-04-30,ENGI11
2024-04-30,EQTL3
2024-04-30,EZTC3
2024-04-30,FLRY3
2024-04-30,GGBR4
2024-04-30,GOAU4
2024-04-30,HAPV3
2024-04-30,HYPE3
2024-04-30,IGTI11
2024-04-30,IRBR3
2024-04-30,ITSA4
2024-04-30,ITUB4
2024-04-30,JBSS3
2024-04-30,KLBN11
2024-04-30,LREN3
2024-04-30,LWSA3
2024-04-30,MGLU3
2024-04-30,MRFG3
2024-04-30,MRVE3
2024-04-30,MULT3
2024-04-30,NTCO3
2024-04-30,PCAR3
2024-04-30,PETR3
2024-04-30,PETR4
2024-04-30,PETZ3
2024-04-30,PRIO3
2024-04-30,RADL3
2024-04-30,RAIL3
2024-04-30,RAIZ4
2024-04-30,RDOR3
2024-04-30,RECV3
2024-04-30,RENT3
2024-04-30,RRRP3
2024-04-30,SANB11
2024-04-30,SBSP3
2024-04-30,SLCE3
2024-04-30,SMTO3
2024-04-30,SOMA3
2024-04-30,SUZB3
2024-04-30,TAEE11
2024-04-30,TIMS3
2024-04-30,TOTS3
2024-04-30,TRPL4
2024-04-30,UGPA3
2024-04-30,USIM5
2024-04-30,VALE3
2024-04-30,VAMO3
2024-04-30,VBBR3
2024-04-30,VIVT3
2024-04-30,WEGE3
2024-04-30,YDUQ3
2024-05-31,ABEV3
2024-05-31,ALOS3
2024-05-31,ALPA4
2024-05-31,ARZZ3
2024-05-31,ASAI3
2024-05-31,AZUL4
2024-05-31,B3SA3
2024-05-31,BBAS3
2024-05-31,BBDC3
2024-05-31,BBDC4
2024-05-31,BBSE3
2024-05-31,BEEF3
2024-05-31,BPAC11
2024-05-31,BRAP4
2024-05-31,BRFS3
2024-05-31,BRKM5
2024-05-31,CCRO3
2024-05-31,CIEL3
2024-05-31,CMIG4
2024-05-31,CMIN3
2024-05-31,COGN3
2024-05-31,CPFE3
2024-05-31,CPLE6
2024-05-31,CRFB3
2024-05-31,CSAN3
2024-05-31,CSNA3
2024-05-31,CVCB3
2024-05-31,CYRE3
2024-05-31,DXCO3
2024-05-31,EGIE3
2024-05-31,ELET3
2024-05-31,ELET6
2024-05-31,EMBR3
2024-05-31,ENEV3
2024-05-31,ENGI11
2024-05-31,EQTL3
2024-05-31,EZTC3
2024-05-31,FLRY3
2024-05-31,GGBR4
2024-05-31,GOAU4
2024-05-31,HAPV3
2024-05-31,HYPE3
2024-05-31,IGTI11
2024-05-31,IRBR3
2024-05-31,ITSA4
2024-05-31,ITUB4
2024-05-31,JBSS3
2024-05-31,KLBN11
2024-05-31,LREN3
2024-05-31,LWSA3
2024-05-31,MGLU3
2024-05-31,MRFG3
2024-05-31,MRVE3
2024-05-31,MULT3
2024-05-31,NTCO3
2024-05-31,PCAR3
2024-05-31,PETR3
2024-05-31,PETR4
2024-05-31,PETZ3
2024-05-31,PRIO3
2024-05-31,RADL3
2024-05-31,RAIL3
2024-05-31,RAIZ4
2024-05-31,RDOR3
2024-05-31,RECV3
2024-05-31,RENT3
2024-05-31,RRRP3
2024-05-31,SANB11
2024-05-31,SBSP3
2024-05-31,SLCE3
2024-05-31,SMTO3
2024-05-31,SOMA3
2024-05-31,SUZB3
2024-05-31,TAEE11
2024-05-31,TIMS3
2024-05-31,TOTS3
2024-05-31,TRPL4
2024-05-31,UGPA3
2024-05-31,USIM5
2024-05-31,VALE3
2024-05-31,VAMO3
2024-05-31,VBBR3
2024-05-31,VIVA3
2024-05-31,VIVT3
2024-05-31,WEGE3
2024-05-31,YDUQ3
2024-06-30,ABEV3
2024-06-30,ALOS3
2024-06-30,ALPA4
2024-06-30,ARZZ3
2024-06-30,ASAI3
2024-06-30,AZUL4
2024-06-30,B3SA3
2024-06-30,BBAS3
2024-06-30,BBDC3
2024-06-30,BBDC4
2024-06-30,BBSE3
2024-06-30,BEEF3
2024-06-30,BPAC11
2024-06-30,BRAP4
2024-06-30,BRFS3
2024-06-30,BRKM5
2024-06-30,CCRO3
2024-06-30,CIEL3
2024-06-30,CMIG4
2024-06-30,CMIN3
2024-06-30,COGN3
2024-06-30,CPFE3
2024-06-30,CPLE6
2024-06-30,CRFB3
2024-06-30,CSAN3
2024-06-30,CSNA3
2024-06-30,CVCB3
2024-06-30,CYRE3
2024-06-30,DXCO3
2024-06-30,EGIE3
2024-06-30,ELET3
2024-06-30,ELET6
2024-06-30,EMBR3
2024-06-30,ENEV3
2024-06-30,ENGI11
2024-06-30,EQTL3
2024-06-30,EZTC3
2024-06-30,FLRY3
2024-06-30,GGBR4
2024-06-30,GOAU4
2024-06-30,HAPV3
2024-06-30,HYPE3
2024-06-30,IGTI11
2024-06-30,IRBR3
2024-06-30,ITSA4
2024-06-30,ITUB4
2024-06-30,JBSS3
2024-06-30,KLBN11
2024-06-30,LREN3
2024-06-30,LWSA3
2024-06-30,MGLU3
2024-06-30,MRFG3
2024-06-30,MRVE3
2024-06-30,MULT3
2024-06-30,NTCO3
2024-06-30,PCAR3
2024-06-30,PETR3
2024-06-30,PETR4
2024-06-30,PETZ3
2024-06-30,PRIO3
2024-06-30,RADL3
2024-06-30,RAIL3
2024-06-30,RAIZ4
2024-06-30,RDOR3
2024-06-30,RECV3
2024-06-30,RENT3
2024-06-30,RRRP3
2024-06-30,SANB11
2024-06-30,SBSP3
2024-06-30,SLCE3
2024-06-30,SMTO3
2024-06-30,SOMA3
2024-06-30,SUZB3
2024-06-30,TAEE11
2024-06-30,TIMS3
2024-06-30,TOTS3
2024-06-30,TRPL4
2024-06-30,UGPA3
2024-06-30,USIM5
2024-06-30,VALE3
2024-06-30,VAMO3
2024-06-30,VBBR3
2024-06-30,VIVA3
2024-06-30,VIVT3
2024-06-30,WEGE3
2024-06-30,YDUQ3
2024-07-31,ABEV3
2024-07-31,ALOS3
2024-07-31,ALPA4
2024-07-31,ARZZ3
2024-07-31,ASAI3
2024-07-31,AZUL4
2024-07-31,B3SA3
2024-07-31,BBAS3
2024-07-31,BBDC3
2024-07-31,BBDC4
2024-07-31,BBSE3
2024-07-31,BEEF3
2024-07-31,BPAC11
2024-07-31,BRAP4
2024-07-31,BRFS3
2024-07-31,BRKM5
2024-07-31,CCRO3
2024-07-31,CIEL3
2024-07-31,CMIG4
2024-07-31,CMIN3
2024-07-31,COGN3
2024-07-31,CPFE3
2024-07-31,CPLE6
2024-07-31,CRFB3
2024-07-31,CSAN3
2024-07-31,CSNA3
2024-07-31,CVCB3
2024-07-31,CYRE3
2024-07-31,DXCO3
2024-07-31,EGIE3
2024-07-31,ELET3
2024-07-31,ELET6
2024-07-31,EMBR3
2024-07-31,ENEV3
2024-07-31,ENGI11
2024-07-31,EQTL3
2024-07-31,EZTC3
2024-07-31,FLRY3
2024-07-31,GGBR4
2024-07-31,GOAU4
2024-07-31,HAPV3
2024-07-31,HYPE3
2024-07-31,IGTI11
2024-07-31,IRBR3
2024-07-31,ITSA4
2024-07-31,ITUB4
2024-07-31,JBSS3
2024-07-31,KLBN11
2024-07-31,LREN3
2024-07-31,LWSA3
2024-07-31,MGLU3
2024-07-31,MRFG3
2024-07-31,MRVE3
2024-07-31,MULT3
2024-07-31,NTCO3
2024-07-31,PCAR3
2024-07-31,PETR3
2024-07-31,PETR4
2024-07-31,PETZ3
2024-07-31,PRIO3
2024-07-31,RADL3
2024-07-31,RAIL3
2024-07-31,RAIZ4
2024-07-31,RDOR3
2024-07-31,RECV3
2024-07-31,RENT3
2024-07-31,RRRP3
2024-07-31,SANB11
2024-07-31,SBSP3
2024-07-31,SLCE3
2024-07-31,SMTO3
2024-07-31,SOMA3
2024-07-31,SUZB3
2024-07-31,TAEE11
2024-07-31,TIMS3
2024-07-31,TOTS3
2024-07-31,TRPL4
2024-07-31,UGPA3
2024-07-31,USIM5
2024-07-31,VALE3
2024-07-31,VAMO3
2024-07-31,VBBR3
2024-07-31,VIVA3
2024-07-31,VIVT3
2024-07-31,WEGE3
2024-07-31,YDUQ3
2024-08-31,ABEV3
2024-08-31,ALOS3
2024-08-31,ALPA4
2024-08-31,ASAI3
2024-08-31,AZUL4
2024-08-31,AZZA3
2024-08-31,B3SA3
2024-08-31,BBAS3
2024-08-31,BBDC3
2024-08-31,BBDC4
2024-08-31,BBSE3
2024-08-31,BEEF3
2024-08-31,BPAC11
2024-08-31,BRAP4
2024-08-31,BRAV3
2024-08-31,BRFS3
2024-08-31,BRKM5
2024-08-31,CCRO3
2024-08-31,CMIG4
2024-08-31,CMIN3
2024-08-31,COGN3
2024-08-31,CPFE3
2024-08-31,CPLE6
2024-08-31,CRFB3
2024-08-31,CSAN3
2024-08-31,CSNA3
2024-08-31,CVCB3
2024-08-31,CYRE3
2024-08-31,DXCO3
2024-08-31,EGIE3
2024-08-31,ELET3
2024-08-31,ELET6
2024-08-31,EMBR3
2024-08-31,ENEV3
2024-08-31,ENGI11
2024-08-31,EQTL3
2024-08-31,EZTC3
2024-08-31,FLRY3
2024-08-31,GGBR4
2024-08-31,GOAU4
2024-08-31,HAPV3
2024-08-31,HYPE3
2024-08-31,IGTI11
2024-08-31,IRBR3
2024-08-31,ITSA4
2024-08-31,ITUB4
2024-08-31,JBSS3
2024-08-31,KLBN11
2024-08-31,LREN3
2024-08-31,LWSA3
2024-08-31,MGLU3
2024-08-31,MRFG3
2024-08-31,MRVE3
2024-08-31,MULT3
2024-08-31,NTCO3
2024-08-31,PCAR3
2024-08-31,PETR3
2024-08-31,PETR4
2024-08-31,PETZ3
2024-08-31,PRIO3
2024-08-31,RADL3
2024-08-31,RAIL3
2024-08-31,RAIZ4
2024-08-31,RDOR3
2024-08-31,RECV3
2024-08-31,RENT3
2024-08-31,SANB11
2024-08-31,SBSP3
2024-08-31,SLCE3
2024-08-31,SMTO3
2024-08-31,SUZB3
2024-08-31,TAEE11
2024-08-31,TIMS3
2024-08-31,TOTS3
2024-08-31,TRPL4
2024-08-31,UGPA3
2024-08-31,USIM5
2024-08-31,VALE3
2024-08-31,VAMO3
2024-08-31,VBBR3
2024-08-31,VIVA3
2024-08-31,VIVT3
2024-08-31,WEGE3
2024-08-31,YDUQ3
2024-09-30,ABEV3
2024-09-30,ALOS3
2024-09-30,ALPA4
2024-09-30,ASAI3
2024-09-30,AURE3
2024-09-30,AZUL4
2024-09-30,AZZA3
2024-09-30,B3SA3
2024-09-30,BBAS3
2024-09-30,BBDC3
2024-09-30,BBDC4
2024-09-30,BBSE3
2024-09-30,BEEF3
2024-09-30,BPAC11
2024-09-30,BRAP4
2024-09-30,BRAV3
2024-09-30,BRFS3
2024-09-30,BRKM5
2024-09-30,CCRO3
2024-09-30,CMIG4
2024-09-30,CMIN3
2024-09-30,COGN3
2024-09-30,CPFE3
2024-09-30,CPLE6
2024-09-30,CRFB3
2024-09-30,CSAN3
2024-09-30,CSNA3
2024-09-30,CVCB3
2024-09-30,CXSE3
2024-09-30,CYRE3
2024-09-30,EGIE3
2024-09-30,ELET3
2024-09-30,ELET6
2024-09-30,EMBR3
2024-09-30,ENEV3
2024-09-30,ENGI11
2024-09-30,EQTL3
2024-09-30,EZTC3
2024-09-30,FLRY3
2024-09-30,GGBR4
2024-09-30,GOAU4
2024-09-30,HAPV3
2024-09-30,HYPE3
2024-09-30,IGTI11
2024-09-30,IRBR3
2024-09-30,ITSA4
2024-09-30,ITUB4
2024-09-30,JBSS3
2024-09-30,KLBN11
2024-09-30,LREN3
2024-09-30,LWSA3
2024-09-30,MGLU3
2024-09-30,MRFG3
2024-09-30,MRVE3
2024-09-30,MULT3
2024-09-30,NTCO3
2024-09-30,PCAR3
2024-09-30,PETR3
2024-09-30,PETR4
2024-09-30,PETZ3
2024-09-30,PRIO3
2024-09-30,RADL3
2024-09-30,RAIL3
2024-09-30,RAIZ4
2024-09-30,RDOR3
2024-09-30,RECV3
2024-09-30,RENT3
2024-09-30,SANB11
2024-09-30,SBSP3
2024-09-30,SLCE3
2024-09-30,SMTO3
2024-09-30,STBP3
2024-09-30,SUZB3
2024-09-30,TAEE11
2024-09-30,TIMS3
2024-09-30,TOTS3
2024-09-30,TRPL4
2024-09-30,UGPA3
2024-09-30,USIM5
2024-09-30,VALE3
2024-09-30,VAMO3
2024-09-30,VBBR3
2024-09-30,VIVA3
2024-09-30,VIVT3
2024-09-30,WEGE3
2024-09-30,YDUQ3
2024-10-31,ABEV3
2024-10-31,ALOS3
2024-10-31,ALPA4
2024-10-31,ASAI3
2024-10-31,AURE3
2024-10-31,AZUL4
2024-10-31,AZZA3
2024-10-31,B3SA3
2024-10-31,BBAS3
2024-10-31,BBDC3
2024-10-31,BBDC4
2024-10-31,BBSE3
2024-10-31,BEEF3
2024-10-31,BPAC11
2024-10-31,BRAP4
2024-10-31,BRAV3
2024-10-31,BRFS3
2024-10-31,BRKM5
2024-10-31,CCRO3
2024-10-31,CMIG4
2024-10-31,CMIN3
2024-10-31,COGN3
2024-10-31,CPFE3
2024-10-31,CPLE6
2024-10-31,CRFB3
2024-10-31,CSAN3
2024-10-31,CSNA3
2024-10-31,CVCB3
2024-10-31,CXSE3
2024-10-31,CYRE3
2024-10-31,EGIE3
2024-10-31,ELET3
2024-10-31,ELET6
2024-10-31,EMBR3
2024-10-31,ENEV3
2024-10-31,ENGI11
2024-10-31,EQTL3
2024-10-31,EZTC3
2024-10-31,FLRY3
2024-10-31,GGBR4
2024-10-31,GOAU4
2024-10-31,HAPV3
2024-10-31,HYPE3
2024-10-31,IGTI11
2024-10-31,IRBR3
2024-10-31,ITSA4
2024-10-31,ITUB4
2024-10-31,JBSS3
2024-10-31,KLBN11
2024-10-31,LREN3
2024-10-31,LWSA3
2024-10-31,MGLU3
2024-10-31,MRFG3
2024-10-31,MRVE3
2024-10-31,MULT3
2024-10-31,NTCO3
2024-10-31,PCAR3
2024-10-31,PETR3
2024-10-31,PETR4
2024-10-31,PETZ3
2024-10-31,PRIO3
2024-10-31,RADL3
2024-10-31,RAIL3
2024-10-31,RAIZ4
2024-10-31,RDOR3
2024-10-31,RECV3
2024-10-31,RENT3
2024-10-31,SANB11
2024-10-31,SBSP3
2024-10-31,SLCE3
2024-10-31,SMTO3
2024-10-31,STBP3
2024-10-31,SUZB3
2024-10-31,TAEE11
2024-10-31,TIMS3
2024-10-31,TOTS3
2024-10-31,TRPL4
2024-10-31,UGPA3
2024-10-31,USIM5
2024-10-31,VALE3
2024-10-31,VAMO3
2024-10-31,VBBR3
2024-10-31,VIVA3
2024-10-31,VIVT3
2024-10-31,WEGE3
2024-10-31,YDUQ3
2024-11-30,ABEV3
2024-11-30,ALOS3
2024-11-30,ALPA4
2024-11-30,ASAI3
2024-11-30,AURE3
2024-11-30,AZUL4
2024-11-30,AZZA3
2024-11-30,B3SA3
2024-11-30,BBAS3
2024-11-30,BBDC3
2024-11-30,BBDC4
2024-11-30,BBSE3
2024-11-30,BEEF3
2024-11-30,BPAC11
2024-11-30,BRAP4
2024-11-30,BRAV3
2024-11-30,BRFS3
2024-11-30,BRKM5
2024-11-30,CCRO3
2024-11-30,CMIG4
2024-11-30,CMIN3
2024-11-30,COGN3
2024-11-30,CPFE3
2024-11-30,CPLE6
2024-11-30,CRFB3
2024-11-30,CSAN3
2024-11-30,CSNA3
2024-11-30,CVCB3
2024-11-30,CXSE3
2024-11-30,CYRE3
2024-11-30,EGIE3
2024-11-30,ELET3
2024-11-30,ELET6
2024-11-30,EMBR3
2024-11-30,ENEV3
2024-11-30,ENGI11
2024-11-30,EQTL3
2024-11-30,EZTC3
2024-11-30,FLRY3
2024-11-30,GGBR4
2024-11-30,GOAU4
2024-11-30,HAPV3
2024-11-30,HYPE3
2024-11-30,IGTI11
2024-11-30,IRBR3
2024-11-30,ISAE4
2024-11-30,ITSA4
2024-11-30,ITUB4
2024-11-30,JBSS3
2024-11-30,KLBN11
2024-11-30,LREN3
2024-11-30,LWSA3
2024-11-30,MGLU3
2024-11-30,MRFG3
2024-11-30,MRVE3
2024-11-30,MULT3
2024-11-30,NTCO3
2024-11-30,PCAR3
2024-11-30,PETR3
2024-11-30,PETR4
2024-11-30,PETZ3
2024-11-30,PRIO3
2024-11-30,RADL3
2024-11-30,RAIL3
2024-11-30,RAIZ4
2024-11-30,RDOR3
2024-11-30,RECV3
2024-11-30,RENT3
2024-11-30,SANB11
2024-11-30,SBSP3
2024-11-30,SLCE3
2024-11-30,SMTO3
2024-11-30,STBP3
2024-11-30,SUZB3
2024-11-30,TAEE11
2024-11-30,TIMS3
2024-11-30,TOTS3
2024-11-30,UGPA3
2024-11-30,USIM5
2024-11-30,VALE3
2024-11-30,VAMO3
2024-11-30,VBBR3
2024-11-30,VIVA3
2024-11-30,VIVT3
2024-11-30,WEGE3
2024-11-30,YDUQ3
2024-12-31,ABEV3
2024-12-31,ALOS3
2024-12-31,ALPA4
2024-12-31,AMOB3
2024-12-31,ASAI3
2024-12-31,AURE3
2024-12-31,AZUL4
2024-12-31,AZZA3
2024-12-31,B3SA3
2024-12-31,BBAS3
2024-12-31,BBDC3
2024-12-31,BBDC4
2024-12-31,BBSE3
2024-12-31,BEEF3
2024-12-31,BPAC11
2024-12-31,BRAP4
2024-12-31,BRAV3
2024-12-31,BRFS3
2024-12-31,BRKM5
2024-12-31,CCRO3
2024-12-31,CMIG4
2024-12-31,CMIN3
2024-12-31,COGN3
2024-12-31,CPFE3
2024-12-31,CPLE6
2024-12-31,CRFB3
2024-12-31,CSAN3
2024-12-31,CSNA3
2024-12-31,CVCB3
2024-12-31,CXSE3
2024-12-31,CYRE3
2024-12-31,EGIE3
2024-12-31,ELET3
2024-12-31,ELET6
2024-12-31,EMBR3
2024-12-31,ENEV3
2024-12-31,ENGI11
2024-12-31,EQTL3
2024-12-31,EZTC3
2024-12-31,FLRY3
2024-12-31,GGBR4
2024-12-31,GOAU4
2024-12-31,HAPV3
2024-12-31,HYPE3
2024-12-31,IGTI11
2024-12-31,IRBR3
2024-12-31,ISAE4
2024-12-31,ITSA4
2024-12-31,ITUB4
2024-12-31,JBSS3
2024-12-31,KLBN11
2024-12-31,LREN3
2024-12-31,LWSA3
2024-12-31,MGLU3
2024-12-31,MRFG3
2024-12-31,MRVE3
2024-12-31,MULT3
2024-12-31,NTCO3
2024-12-31,PCAR3
2024-12-31,PETR3
2024-12-31,PETR4
2024-12-31,PETZ3
2024-12-31,PRIO3
2024-12-31,RADL3
2024-12-31,RAIL3
2024-12-31,RAIZ4
2024-12-31,RDOR3
2024-12-31,RECV3
2024-12-31,RENT3
2024-12-31,SANB11
2024-12-31,SBSP3
2024-12-31,SLCE3
2024-12-31,SMTO3
2024-12-31,STBP3
2024-12-31,SUZB3
2024-12-31,TAEE11
2024-12-31,TIMS3
2024-12-31,TOTS3
2024-12-31,UGPA3
2024-12-31,USIM5
2024-12-31,VALE3
2024-12-31,VAMO3
2024-12-31,VBBR3
2024-12-31,VIVA3
2024-12-31,VIVT3
2024-12-31,WEGE3
2024-12-31,YDUQ3
2025-01-31,ABEV3
2025-01-31,ALOS3
2025-01-31,AMOB3
2025-01-31,ASAI3
2025-01-31,AURE3
2025-01-31,AZUL4
2025-01-31,AZZA3
2025-01-31,B3SA3
2025-01-31,BBAS3
2025-01-31,BBDC3
2025-01-31,BBDC4
2025-01-31,BBSE3
2025-01-31,BEEF3
2025-01-31,BPAC11
2025-01-31,BRAP4
2025-01-31,BRAV3
2025-01-31,BRFS3
2025-01-31,BRKM5
2025-01-31,CCRO3
2025-01-31,CMIG4
2025-01-31,CMIN3
2025-01-31,COGN3
2025-01-31,CPFE3
2025-01-31,CPLE6
2025-01-31,CRFB3
2025-01-31,CSAN3
2025-01-31,CSNA3
2025-01-31,CVCB3
2025-01-31,CXSE3
2025-01-31,CYRE3
2025-01-31,EGIE3
2025-01-31,ELET3
2025-01-31,ELET6
2025-01-31,EMBR3
2025-01-31,ENEV3
2025-01-31,ENGI11
2025-01-31,EQTL3
2025-01-31,FLRY3
2025-01-31,GGBR4
2025-01-31,GOAU4
2025-01-31,HAPV3
2025-01-31,HYPE3
2025-01-31,IGTI11
2025-01-31,IRBR3
2025-01-31,ISAE4
2025-01-31,ITSA4
2025-01-31,ITUB4
2025-01-31,JBSS3
2025-01-31,KLBN11
2025-01-31,LREN3
2025-01-31,LWSA3
2025-01-31,MGLU3
2025-01-31,MRFG3
2025-01-31,MRVE3
2025-01-31,MULT3
2025-01-31,NTCO3
2025-01-31,PCAR3
2025-01-31,PETR3
2025-01-31,PETR4
2025-01-31,PETZ3
2025-01-31,POMO4
2025-01-31,PRIO3
2025-01-31,PSSA3
2025-01-31,RADL3
2025-01-31,RAIL3
2025-01-31,RAIZ4
2025-01-31,RDOR3
2025-01-31,RECV3
2025-01-31,RENT3
2025-01-31,SANB11
2025-01-31,SBSP3
2025-01-31,SLCE3
2025-01-31,SMTO3
2025-01-31,STBP3
2025-01-31,SUZB3
2025-01-31,TAEE11
2025-01-31,TIMS3
2025-01-31,TOTS3
2025-01-31,UGPA3
2025-01-31,USIM5
2025-01-31,VALE3
2025-01-31,VAMO3
2025-01-31,VBBR3
2025-01-31,VIVA3
2025-01-31,VIVT3
2025-01-31,WEGE3
2025-01-31,YDUQ3
2025-02-28,ABEV3
2025-02-28,ALOS3
2025-02-28,AMOB3
2025-02-28,ASAI3
2025-02-28,AURE3
2025-02-28,AZUL4
2025-02-28,AZZA3
2025-02-28,B3SA3
2025-02-28,BBAS3
2025-02-28,BBDC3
2025-02-28,BBDC4
2025-02-28,BBSE3
2025-02-28,BEEF3
2025-02-28,BPAC11
2025-02-28,BRAP4
2025-02-28,BRAV3
2025-02-28,BRFS3
2025-02-28,BRKM5
2025-02-28,CCRO3
2025-02-28,CMIG4
2025-02-28,CMIN3
2025-02-28,COGN3
2025-02-28,CPFE3
2025-02-28,CPLE6
2025-02-28,CRFB3
2025-02-28,CSAN3
2025-02-28,CSNA3
2025-02-28,CVCB3
2025-02-28,CXSE3
2025-02-28,CYRE3
2025-02-28,EGIE3
2025-02-28,ELET3
2025-02-28,ELET6
2025-02-28,EMBR3
2025-02-28,ENEV3
2025-02-28,ENGI11
2025-02-28,EQTL3
2025-02-28,FLRY3
2025-02-28,GGBR4
2025-02-28,GOAU4
2025-02-28,HAPV3
2025-02-28,HYPE3
2025-02-28,IGTI11
2025-02-28,IRBR3
2025-02-28,ISAE4
2025-02-28,ITSA4
2025-02-28,ITUB4
2025-02-28,JBSS3
2025-02-28,KLBN11
2025-02-28,LREN3
2025-02-28,LWSA3
2025-02-28,MGLU3
2025-02-28,MRFG3
2025-02-28,MRVE3
2025-02-28,MULT3
2025-02-28,NTCO3
2025-02-28,PCAR3
2025-02-28,PETR3
2025-02-28,PETR4
2025-02-28,PETZ3
2025-02-28,POMO4
2025-02-28,PRIO3
2025-02-28,PSSA3
2025-02-28,RADL3
2025-02-28,RAIL3
2025-02-28,RAIZ4
2025-02-28,RDOR3
2025-02-28,RECV3
2025-02-28,RENT3
2025-02-28,SANB11
2025-02-28,SBSP3
2025-02-28,SLCE3
2025-02-28,SMTO3
2025-02-28,STBP3
2025-02-28,SUZB3
2025-02-28,TAEE11
2025-02-28,TIMS3
2025-02-28,TOTS3
2025-02-28,UGPA3
2025-02-28,USIM5
2025-02-28,VALE3
2025-02-28,VAMO3
2025-02-28,VBBR3
2025-02-28,VIVA3
2025-02-28,VIVT3
2025-02-28,WEGE3
2025-02-28,YDUQ3
2025-03-31,ABEV3
2025-03-31,ALOS3
2025-03-31,AMOB3
2025-03-31,ASAI3
2025-03-31,AURE3
2025-03-31,AZUL4
2025-03-31,AZZA3
2025-03-31,B3SA3
2025-03-31,BBAS3
2025-03-31,BBDC3
2025-03-31,BBDC4
2025-03-31,BBSE3
2025-03-31,BEEF3
2025-03-31,BPAC11
2025-03-31,BRAP4
2025-03-31,BRAV3
2025-03-31,BRFS3
2025-03-31,BRKM5
2025-03-31,CCRO3
2025-03-31,CMIG4
2025-03-31,CMIN3
2025-03-31,COGN3
2025-03-31,CPFE3
2025-03-31,CPLE6
2025-03-31,CRFB3
2025-03-31,CSAN3
2025-03-31,CSNA3
2025-03-31,CVCB3
2025-03-31,CXSE3
2025-03-31,CYRE3
2025-03-31,EGIE3
2025-03-31,ELET3
2025-03-31,ELET6
2025-03-31,EMBR3
2025-03-31,ENEV3
2025-03-31,ENGI11
2025-03-31,EQTL3
2025-03-31,FLRY3
2025-03-31,GGBR4
2025-03-31,GOAU4
2025-03-31,HAPV3
2025-03-31,HYPE3
2025-03-31,IGTI11
2025-03-31,IRBR3
2025-03-31,ISAE4
2025-03-31,ITSA4
2025-03-31,ITUB4
2025-03-31,JBSS3
2025-03-31,KLBN11
2025-03-31,LREN3
2025-03-31,LWSA3
2025-03-31,MGLU3
2025-03-31,MRFG3
2025-03-31,MRVE3
2025-03-31,MULT3
2025-03-31,NTCO3
2025-03-31,PCAR3
2025-03-31,PETR3
2025-03-31,PETR4
2025-03-31,PETZ3
2025-03-31,POMO4
2025-03-31,PRIO3
2025-03-31,PSSA3
2025-03-31,RADL3
2025-03-31,RAIL3
2025-03-31,RAIZ4
2025-03-31,RDOR3
2025-03-31,RECV3
2025-03-31,RENT3
2025-03-31,SANB11
2025-03-31,SBSP3
2025-03-31,SLCE3
2025-03-31,SMTO3
2025-03-31,STBP3
2025-03-31,SUZB3
2025-03-31,TAEE11
2025-03-31,TIMS3
2025-03-31,TOTS3
2025-03-31,UGPA3
2025-03-31,USIM5
2025-03-31,VALE3
2025-03-31,VAMO3
2025-03-31,VBBR3
2025-03-31,VIVA3
2025-03-31,VIVT3
2025-03-31,WEGE3
2025-03-31,YDUQ3
2025-04-30,ABEV3
2025-04-30,ALOS3
2025-04-30,AMOB3
2025-04-30,ASAI3
2025-04-30,AURE3
2025-04-30,AZUL4
2025-04-30,AZZA3
2025-04-30,B3SA3
2025-04-30,BBAS3
2025-04-30,BBDC3
2025-04-30,BBDC4
2025-04-30,BBSE3
2025-04-30,BEEF3
2025-04-30,BPAC11
2025-04-30,BRAP4
2025-04-30,BRAV3
2025-04-30,BRFS3
2025-04-30,BRKM5
2025-04-30,CCRO3
2025-04-30,CMIG4
2025-04-30,CMIN3
2025-04-30,COGN3
2025-04-30,CPFE3
2025-04-30,CPLE6
2025-04-30,CRFB3
2025-04-30,CSAN3
2025-04-30,CSNA3
2025-04-30,CVCB3
2025-04-30,CXSE3
2025-04-30,CYRE3
2025-04-30,EGIE3
2025-04-30,ELET3
2025-04-30,ELET6
2025-04-30,EMBR3
2025-04-30,ENEV3
2025-04-30,ENGI11
2025-04-30,EQTL3
2025-04-30,FLRY3
2025-04-30,GGBR4
2025-04-30,GOAU4
2025-04-30,HAPV3
2025-04-30,HYPE3
2025-04-30,IGTI11
2025-04-30,IRBR3
2025-04-30,ISAE4
2025-04-30,ITSA4
2025-04-30,ITUB4
2025-04-30,JBSS3
2025-04-30,KLBN11
2025-04-30,LREN3
2025-04-30,LWSA3
2025-04-30,MGLU3
2025-04-30,MRFG3
2025-04-30,MRVE3
2025-04-30,MULT3
2025-04-30,NTCO3
2025-04-30,PCAR3
2025-04-30,PETR3
2025-04-30,PETR4
2025-04-30,PETZ3
2025-04-30,POMO4
2025-04-30,PRIO3
2025-04-30,PSSA3
2025-04-30,RADL3
2025-04-30,RAIL3
2025-04-30,RAIZ4
2025-04-30,RDOR3
2025-04-30,RECV3
2025-04-30,RENT3
2025-04-30,SANB11
2025-04-30,SBSP3
2025-04-30,SLCE3
2025-04-30,SMTO3
2025-04-30,STBP3
2025-04-30,SUZB3
2025-04-30,TAEE11
2025-04-30,TIMS3
2025-04-30,TOTS3
2025-04-30,UGPA3
2025-04-30,USIM5
2025-04-30,VALE3
2025-04-30,VAMO3
2025-04-30,VBBR3
2025-04-30,VIVA3
2025-04-30,VIVT3
2025-04-30,WEGE3
2025-04-30,YDUQ3
2025-05-31,ABEV3
2025-05-31,ALOS3
2025-05-31,ASAI3
2025-05-31,AURE3
2025-05-31,AZZA3
2025-05-31,B3SA3
2025-05-31,BBAS3
2025-05-31,BBDC3
2025-05-31,BBDC4
2025-05-31,BBSE3
2025-05-31,BEEF3
2025-05-31,BPAC11
2025-05-31,BRAP4
2025-05-31,BRAV3
2025-05-31,BRFS3
2025-05-31,BRKM5
2025-05-31,CMIG4
2025-05-31,CMIN3
2025-05-31,COGN3
2025-05-31,CPFE3
2025-05-31,CPLE6
2025-05-31,CRFB3
2025-05-31,CSAN3
2025-05-31,CSNA3
2025-05-31,CVCB3
2025-05-31,CXSE3
2025-05-31,CYRE3
2025-05-31,DIRR3
2025-05-31,EGIE3
2025-05-31,ELET3
2025-05-31,ELET6
2025-05-31,EMBR3
2025-05-31,ENEV3
2025-05-31,ENGI11
2025-05-31,EQTL3
2025-05-31,FLRY3
2025-05-31,GGBR4
2025-05-31,GOAU4
2025-05-31,HAPV3
2025-05-31,HYPE3
2025-05-31,IGTI11
2025-05-31,IRBR3
2025-05-31,ISAE4
2025-05-31,ITSA4
2025-05-31,ITUB4
2025-05-31,JBSS3
2025-05-31,KLBN11
2025-05-31,LREN3
2025-05-31,MGLU3
2025-05-31,MOTV3
2025-05-31,MRFG3
2025-05-31,MRVE3
2025-05-31,MULT3
2025-05-31,NTCO3
2025-05-31,PCAR3
2025-05-31,PETR3
2025-05-31,PETR4
2025-05-31,PETZ3
2025-05-31,POMO4
2025-05-31,PRIO3
2025-05-31,PSSA3
2025-05-31,RADL3
2025-05-31,RAIL3
2025-05-31,RAIZ4
2025-05-31,RDOR3
2025-05-31,RECV3
2025-05-31,RENT3
2025-05-31,SANB11
2025-05-31,SBSP3
2025-05-31,SLCE3
2025-05-31,SMFT3
2025-05-31,SMTO3
2025-05-31,STBP3
2025-05-31,SUZB3
2025-05-31,TAEE11
2025-05-31,TIMS3
2025-05-31,TOTS3
2025-05-31,UGPA3
2025-05-31,USIM5
2025-05-31,VALE3
2025-05-31,VAMO3
2025-05-31,VBBR3
2025-05-31,VIVA3
2025-05-31,VIVT3
2025-05-31,WEGE3
2025-05-31,YDUQ3
2025-06-30,ABEV3
2025-06-30,ALOS3
2025-06-30,ASAI3
2025-06-30,AURE3
2025-06-30,AZZA3
2025-06-30,B3SA3
2025-06-30,BBAS3
2025-06-30,BBDC3
2025-06-30,BBDC4
2025-06-30,BBSE3
2025-06-30,BEEF3
2025-06-30,BPAC11
2025-06-30,BRAP4
2025-06-30,BRAV3
2025-06-30,BRFS3
2025-06-30,BRKM5
2025-06-30,CMIG4
2025-06-30,CMIN3
2025-06-30,COGN3
2025-06-30,CPFE3
2025-06-30,CPLE6
2025-06-30,CRFB3
2025-06-30,CSAN3
2025-06-30,CSNA3
2025-06-30,CVCB3
2025-06-30,CXSE3
2025-06-30,CYRE3
2025-06-30,DIRR3
2025-06-30,EGIE3
2025-06-30,ELET3
2025-06-30,ELET6
2025-06-30,EMBR3
2025-06-30,ENEV3
2025-06-30,ENGI11
2025-06-30,EQTL3
2025-06-30,FLRY3
2025-06-30,GGBR4
2025-06-30,GOAU4
2025-06-30,HAPV3
2025-06-30,HYPE3
2025-06-30,IGTI11
2025-06-30,IRBR3
2025-06-30,ISAE4
2025-06-30,ITSA4
2025-06-30,ITUB4
2025-06-30,KLBN11
2025-06-30,LREN3
2025-06-30,MGLU3
2025-06-30,MOTV3
2025-06-30,MRFG3
2025-06-30,MRVE3
2025-06-30,MULT3
2025-06-30,NTCO3
2025-06-30,PCAR3
2025-06-30,PETR3
2025-06-30,PETR4
2025-06-30,PETZ3
2025-06-30,POMO4
2025-06-30,PRIO3
2025-06-30,PSSA3
2025-06-30,RADL3
2025-06-30,RAIL3
2025-06-30,RAIZ4
2025-06-30,RDOR3
2025-06-30,RECV3
2025-06-30,RENT3
2025-06-30,SANB11
2025-06-30,SBSP3
2025-06-30,SLCE3
2025-06-30,SMFT3
2025-06-30,SMTO3
2025-06-30,STBP3
2025-06-30,SUZB3
2025-06-30,TAEE11
2025-06-30,TIMS3
2025-06-30,TOTS3
2025-06-30,UGPA3
2025-06-30,USIM5
2025-06-30,VALE3
2025-06-30,VAMO3
2025-06-30,VBBR3
2025-06-30,VIVA3
2025-06-30,VIVT3
2025-06-30,WEGE3
2025-06-30,YDUQ3
2025-07-31,ABEV3
2025-07-31,ALOS3
2025-07-31,ASAI3
2025-07-31,AURE3
2025-07-31,AZZA3
2025-07-31,B3SA3
2025-07-31,BBAS3
2025-07-31,BBDC3
2025-07-31,BBDC4
2025-07-31,BBSE3
2025-07-31,BEEF3
2025-07-31,BPAC11
2025-07-31,BRAP4
2025-07-31,BRAV3
2025-07-31,BRFS3
2025-07-31,BRKM5
2025-07-31,CMIG4
2025-07-31,CMIN3
2025-07-31,COGN3
2025-07-31,CPFE3
2025-07-31,CPLE6
2025-07-31,CSAN3
2025-07-31,CSNA3
2025-07-31,CVCB3
2025-07-31,CXSE3
2025-07-31,CYRE3
2025-07-31,DIRR3
2025-07-31,EGIE3
2025-07-31,ELET3
2025-07-31,ELET6
2025-07-31,EMBR3
2025-07-31,ENEV3
2025-07-31,ENGI11
2025-07-31,EQTL3
2025-07-31,FLRY3
2025-07-31,GGBR4
2025-07-31,GOAU4
2025-07-31,HAPV3
2025-07-31,HYPE3
2025-07-31,IGTI11
2025-07-31,IRBR3
2025-07-31,ISAE4
2025-07-31,ITSA4
2025-07-31,ITUB4
2025-07-31,KLBN11
2025-07-31,LREN3
2025-07-31,MGLU3
2025-07-31,MOTV3
2025-07-31,MRFG3
2025-07-31,MRVE3
2025-07-31,MULT3
2025-07-31,NATU3
2025-07-31,PCAR3
2025-07-31,PETR3
2025-07-31,PETR4
2025-07-31,PETZ3
2025-07-31,POMO4
2025-07-31,PRIO3
2025-07-31,PSSA3
2025-07-31,RADL3
2025-07-31,RAIL3
2025-07-31,RAIZ4
2025-07-31,RDOR3
2025-07-31,RECV3
2025-07-31,RENT3
2025-07-31,SANB11
2025-07-31,SBSP3
2025-07-31,SLCE3
2025-07-31,SMFT3
2025-07-31,SMTO3
2025-07-31,STBP3
2025-07-31,SUZB3
2025-07-31,TAEE11
2025-07-31,TIMS3
2025-07-31,TOTS3
2025-07-31,UGPA3
2025-07-31,USIM5
2025-07-31,VALE3
2025-07-31,VAMO3
2025-07-31,VBBR3
2025-07-31,VIVA3
2025-07-31,VIVT3
2025-07-31,WEGE3
2025-07-31,YDUQ3
2025-08-31,ABEV3
2025-08-31,ALOS3
2025-08-31,ASAI3
2025-08-31,AURE3
2025-08-31,AZZA3
2025-08-31,B3SA3
2025-08-31,BBAS3
2025-08-31,BBDC3
2025-08-31,BBDC4
2025-08-31,BBSE3
2025-08-31,BEEF3
2025-08-31,BPAC11
2025-08-31,BRAP4
2025-08-31,BRAV3
2025-08-31,BRFS3
2025-08-31,BRKM5
2025-08-31,CMIG4
2025-08-31,CMIN3
2025-08-31,COGN3
2025-08-31,CPFE3
2025-08-31,CPLE6
2025-08-31,CSAN3
2025-08-31,CSNA3
2025-08-31,CVCB3
2025-08-31,CXSE3
2025-08-31,CYRE3
2025-08-31,DIRR3
2025-08-31,EGIE3
2025-08-31,ELET3
2025-08-31,ELET6
2025-08-31,EMBR3
2025-08-31,ENEV3
2025-08-31,ENGI11
2025-08-31,EQTL3
2025-08-31,FLRY3
2025-08-31,GGBR4
2025-08-31,GOAU4
2025-08-31,HAPV3
2025-08-31,HYPE3
2025-08-31,IGTI11
2025-08-31,IRBR3
2025-08-31,ISAE4
2025-08-31,ITSA4
2025-08-31,ITUB4
2025-08-31,KLBN11
2025-08-31,LREN3
2025-08-31,MGLU3
2025-08-31,MOTV3
2025-08-31,MRFG3
2025-08-31,MRVE3
2025-08-31,MULT3
2025-08-31,NATU3
2025-08-31,PCAR3
2025-08-31,PETR3
2025-08-31,PETR4
2025-08-31,PETZ3
2025-08-31,POMO4
2025-08-31,PRIO3
2025-08-31,PSSA3
2025-08-31,RADL3
2025-08-31,RAIL3
2025-08-31,RAIZ4
2025-08-31,RDOR3
2025-08-31,RECV3
2025-08-31,RENT3
2025-08-31,SANB11
2025-08-31,SBSP3
2025-08-31,SLCE3
2025-08-31,SMFT3
2025-08-31,SMTO3
2025-08-31,STBP3
2025-08-31,SUZB3
2025-08-31,TAEE11
2025-08-31,TIMS3
2025-08-31,TOTS3
2025-08-31,UGPA3
2025-08-31,USIM5
2025-08-31,VALE3
2025-08-31,VAMO3
2025-08-31,VBBR3
2025-08-31,VIVA3
2025-08-31,VIVT3
2025-08-31,WEGE3
2025-08-31,YDUQ3
2025-09-30,ABEV3
2025-09-30,ALOS3
2025-09-30,ASAI3
2025-09-30,AURE3
2025-09-30,AZZA3
2025-09-30,B3SA3
2025-09-30,BBAS3
2025-09-30,BBDC3
2025-09-30,BBDC4
2025-09-30,BBSE3
2025-09-30,BEEF3
2025-09-30,BPAC11
2025-09-30,BRAP4
2025-09-30,BRAV3
2025-09-30,BRKM5
2025-09-30,CEAB3
2025-09-30,CMIG4
2025-09-30,CMIN3
2025-09-30,COGN3
2025-09-30,CPFE3
2025-09-30,CPLE6
2025-09-30,CSAN3
2025-09-30,CSNA3
2025-09-30,CURY3
2025-09-30,CVCB3
2025-09-30,CXSE3
2025-09-30,CYRE3
2025-09-30,DIRR3
2025-09-30,EGIE3
2025-09-30,ELET3
2025-09-30,ELET6
2025-09-30,EMBR3
2025-09-30,ENEV3
2025-09-30,ENGI11
2025-09-30,EQTL3
2025-09-30,FLRY3
2025-09-30,GGBR4
2025-09-30,GOAU4
2025-09-30,HAPV3
2025-09-30,HYPE3
2025-09-30,IGTI11
2025-09-30,IRBR3
2025-09-30,ISAE4
2025-09-30,ITSA4
2025-09-30,ITUB4
2025-09-30,KLBN11
2025-09-30,LREN3
2025-09-30,MBRF3
2025-09-30,MGLU3
2025-09-30,MOTV3
2025-09-30,MRVE3
2025-09-30,MULT3
2025-09-30,NATU3
2025-09-30,PCAR3
2025-09-30,PETR3
2025-09-30,PETR4
2025-09-30,POMO4
2025-09-30,PRIO3
2025-09-30,PSSA3
2025-09-30,RADL3
2025-09-30,RAIL3
2025-09-30,RAIZ4
2025-09-30,RDOR3
2025-09-30,RECV3
2025-09-30,RENT3
2025-09-30,SANB11
2025-09-30,SBSP3
2025-09-30,SLCE3
2025-09-30,SMFT3
2025-09-30,STBP3
2025-09-30,SUZB3
2025-09-30,TAEE11
2025-09-30,TIMS3
2025-09-30,TOTS3
2025-09-30,UGPA3
2025-09-30,USIM5
2025-09-30,VALE3
2025-09-30,VAMO3
2025-09-30,VBBR3
2025-09-30,VIVA3
2025-09-30,VIVT3
2025-09-30,WEGE3
2025-09-30,YDUQ3
2025-10-31,ABEV3
2025-10-31,ALOS3
2025-10-31,ASAI3
2025-10-31,AURE3
2025-10-31,AZZA3
2025-10-31,B3SA3
2025-10-31,BBAS3
2025-10-31,BBDC3
2025-10-31,BBDC4
2025-10-31,BBSE3
2025-10-31,BEEF3
2025-10-31,BPAC11
2025-10-31,BRAP4
2025-10-31,BRAV3
2025-10-31,BRKM5
2025-10-31,CEAB3
2025-10-31,CMIG4
2025-10-31,CMIN3
2025-10-31,COGN3
2025-10-31,CPFE3
2025-10-31,CPLE6
2025-10-31,CSAN3
2025-10-31,CSNA3
2025-10-31,CURY3
2025-10-31,CVCB3
2025-10-31,CXSE3
2025-10-31,CYRE3
2025-10-31,DIRR3
2025-10-31,EGIE3
2025-10-31,ELET3
2025-10-31,ELET6
2025-10-31,EMBR3
2025-10-31,ENEV3
2025-10-31,ENGI11
2025-10-31,EQTL3
2025-10-31,FLRY3
2025-10-31,GGBR4
2025-10-31,GOAU4
2025-10-31,HAPV3
2025-10-31,HYPE3
2025-10-31,IGTI11
2025-10-31,IRBR3
2025-10-31,ISAE4
2025-10-31,ITSA4
2025-10-31,ITUB4
2025-10-31,KLBN11
2025-10-31,LREN3
2025-10-31,MBRF3
2025-10-31,MGLU3
2025-10-31,MOTV3
2025-10-31,MRVE3
2025-10-31,MULT3
2025-10-31,NATU3
2025-10-31,PCAR3
2025-10-31,PETR3
2025-10-31,PETR4
2025-10-31,POMO4
2025-10-31,PRIO3
2025-10-31,PSSA3
2025-10-31,RADL3
2025-10-31,RAIL3
2025-10-31,RAIZ4
2025-10-31,RDOR3
2025-10-31,RECV3
2025-10-31,RENT3
2025-10-31,SANB11
2025-10-31,SBSP3
2025-10-31,SLCE3
2025-10-31,SMFT3
2025-10-31,SUZB3
2025-10-31,TAEE11
2025-10-31,TIMS3
2025-10-31,TOTS3
2025-10-31,UGPA3
2025-10-31,USIM5
2025-10-31,VALE3
2025-10-31,VAMO3
2025-10-31,VBBR3
2025-10-31,VIVA3
2025-10-31,VIVT3
2025-10-31,WEGE3
2025-10-31,YDUQ3
2025-11-30,ABEV3
2025-11-30,ALOS3
2025-11-30,ASAI3
2025-11-30,AURE3
2025-11-30,AXIA3
2025-11-30,AXIA6
2025-11-30,AZZA3
2025-11-30,B3SA3
2025-11-30,BBAS3
2025-11-30,BBDC3
2025-11-30,BBDC4
2025-11-30,BBSE3
2025-11-30,BEEF3
2025-11-30,BPAC11
2025-11-30,BRAP4
2025-11-30,BRAV3
2025-11-30,BRKM5
2025-11-30,CEAB3
2025-11-30,CMIG4
2025-11-30,CMIN3
2025-11-30,COGN3
2025-11-30,CPFE3
2025-11-30,CPLE6
2025-11-30,CSAN3
2025-11-30,CSNA3
2025-11-30,CURY3
2025-11-30,CVCB3
2025-11-30,CXSE3
2025-11-30,CYRE3
2025-11-30,DIRR3
2025-11-30,EGIE3
2025-11-30,EMBJ3
2025-11-30,ENEV3
2025-11-30,ENGI11
2025-11-30,EQTL3
2025-11-30,FLRY3
2025-11-30,GGBR4
2025-11-30,GOAU4
2025-11-30,HAPV3
2025-11-30,HYPE3
2025-11-30,IGTI11
2025-11-30,IRBR3
2025-11-30,ISAE4
2025-11-30,ITSA4
2025-11-30,ITUB4
2025-11-30,KLBN11
2025-11-30,LREN3
2025-11-30,MBRF3
2025-11-30,MGLU3
2025-11-30,MOTV3
2025-11-30,MRVE3
2025-11-30,MULT3
2025-11-30,NATU3
2025-11-30,PCAR3
2025-11-30,PETR3
2025-11-30,PETR4
2025-11-30,POMO4
2025-11-30,PRIO3
2025-11-30,PSSA3
2025-11-30,RADL3
2025-11-30,RAIL3
2025-11-30,RAIZ4
2025-11-30,RDOR3
2025-11-30,RECV3
2025-11-30,RENT3
2025-11-30,SANB11
2025-11-30,SBSP3
2025-11-30,SLCE3
2025-11-30,SMFT3
2025-11-30,SUZB3
2025-11-30,TAEE11
2025-11-30,TIMS3
2025-11-30,TOTS3
2025-11-30,UGPA3
2025-11-30,USIM5
2025-11-30,VALE3
2025-11-30,VAMO3
2025-11-30,VBBR3
2025-11-30,VIVA3
2025-11-30,VIVT3
2025-11-30,WEGE3
2025-11-30,YDUQ3
2025-12-31,ABEV3
2025-12-31,ALOS3
2025-12-31,ASAI3
2025-12-31,AURE3
2025-12-31,AXIA3
2025-12-31,AXIA6
2025-12-31,AXIA7
2025-12-31,AZZA3
2025-12-31,B3SA3
2025-12-31,BBAS3
2025-12-31,BBDC3
2025-12-31,BBDC4
2025-12-31,BBSE3
2025-12-31,BEEF3
2025-12-31,BPAC11
2025-12-31,BRAP4
2025-12-31,BRAV3
2025-12-31,BRKM5
2025-12-31,CEAB3
2025-12-31,CMIG4
2025-12-31,CMIN3
2025-12-31,COGN3
2025-12-31,CPFE3
2025-12-31,CPLE3
2025-12-31,CSAN3
2025-12-31,CSNA3
2025-12-31,CURY3
2025-12-31,CVCB3
2025-12-31,CXSE3
2025-12-31,CYRE3
2025-12-31,DIRR3
2025-12-31,EGIE3
2025-12-31,EMBJ3
2025-12-31,ENEV3
2025-12-31,ENGI11
2025-12-31,EQTL3
2025-12-31,FLRY3
2025-12-31,GGBR4
2025-12-31,GOAU4
2025-12-31,HAPV3
2025-12-31,HYPE3
2025-12-31,IGTI11
2025-12-31,IRBR3
2025-12-31,ISAE4
2025-12-31,ITSA4
2025-12-31,ITUB4
2025-12-31,KLBN11
2025-12-31,LREN3
2025-12-31,MBRF3
2025-12-31,MGLU3
2025-12-31,MOTV3
2025-12-31,MRVE3
2025-12-31,MULT3
2025-12-31,NATU3
2025-12-31,PCAR3
2025-12-31,PETR3
2025-12-31,PETR4
2025-12-31,POMO4
2025-12-31,PRIO3
2025-12-31,PSSA3
2025-12-31,RADL3
2025-12-31,RAIL3
2025-12-31,RAIZ4
2025-12-31,RDOR3
2025-12-31,RECV3
2025-12-31,RENT3
2025-12-31,RENT4
2025-12-31,SANB11
2025-12-31,SBSP3
2025-12-31,SLCE3
2025-12-31,SMFT3
2025-12-31,SUZB3
2025-12-31,TAEE11
2025-12-31,TIMS3
2025-12-31,TOTS3
2025-12-31,UGPA3
2025-12-31,USIM5
2025-12-31,VALE3
2025-12-31,VAMO3
2025-12-31,VBBR3
2025-12-31,VIVA3
2025-12-31,VIVT3
2025-12-31,WEGE3
2025-12-31,YDUQ3
2026-01-31,ABEV3
2026-01-31,ALOS3
2026-01-31,ASAI3
2026-01-31,AURE3
2026-01-31,AXIA3
2026-01-31,AXIA6
2026-01-31,AXIA7
2026-01-31,AZZA3
2026-01-31,B3SA3
2026-01-31,BBAS3
2026-01-31,BBDC3
2026-01-31,BBDC4
2026-01-31,BBSE3
2026-01-31,BEEF3
2026-01-31,BPAC11
2026-01-31,BRAP4
2026-01-31,BRAV3
2026-01-31,BRKM5
2026-01-31,CEAB3
2026-01-31,CMIG4
2026-01-31,CMIN3
2026-01-31,COGN3
2026-01-31,CPFE3
2026-01-31,CPLE3
2026-01-31,CSAN3
2026-01-31,CSMG3
2026-01-31,CSNA3
2026-01-31,CURY3
2026-01-31,CXSE3
2026-01-31,CYRE3
2026-01-31,CYRE4
2026-01-31,DIRR3
2026-01-31,EGIE3
2026-01-31,EMBJ3
2026-01-31,ENEV3
2026-01-31,ENGI11
2026-01-31,EQTL3
2026-01-31,FLRY3
2026-01-31,GGBR4
2026-01-31,GOAU4
2026-01-31,HAPV3
2026-01-31,HYPE3
2026-01-31,IGTI11
2026-01-31,IRBR3
2026-01-31,ISAE4
2026-01-31,ITSA4
2026-01-31,ITUB4
2026-01-31,KLBN11
2026-01-31,LREN3
2026-01-31,MBRF3
2026-01-31,MGLU3
2026-01-31,MOTV3
2026-01-31,MRVE3
2026-01-31,MULT3
2026-01-31,NATU3
2026-01-31,PCAR3
2026-01-31,PETR3
2026-01-31,PETR4
2026-01-31,POMO4
2026-01-31,PRIO3
2026-01-31,PSSA3
2026-01-31,RADL3
2026-01-31,RAIL3
2026-01-31,RAIZ4
2026-01-31,RDOR3
2026-01-31,RECV3
2026-01-31,RENT3
2026-01-31,RENT4
2026-01-31,SANB11
2026-01-31,SBSP3
2026-01-31,SLCE3
2026-01-31,SMFT3
2026-01-31,SUZB3
2026-01-31,TAEE11
2026-01-31,TIMS3
2026-01-31,TOTS3
2026-01-31,UGPA3
2026-01-31,USIM5
2026-01-31,VALE3
2026-01-31,VAMO3
2026-01-31,VBBR3
2026-01-31,VIVA3
2026-01-31,VIVT3
2026-01-31,WEGE3
2026-01-31,YDUQ3
2026-02-28,ABEV3
2026-02-28,ALOS3
2026-02-28,ASAI3
2026-02-28,AURE3
2026-02-28,AXIA3
2026-02-28,AXIA6
2026-02-28,AXIA7
2026-02-28,AZZA3
2026-02-28,B3SA3
2026-02-28,BBAS3
2026-02-28,BBDC3
2026-02-28,BBDC4
2026-02-28,BBSE3
2026-02-28,BEEF3
2026-02-28,BPAC11
2026-02-28,BRAP4
2026-02-28,BRAV3
2026-02-28,BRKM5
2026-02-28,CEAB3
2026-02-28,CMIG4
2026-02-28,CMIN3
2026-02-28,COGN3
2026-02-28,CPFE3
2026-02-28,CPLE3
2026-02-28,CSAN3
2026-02-28,CSMG3
2026-02-28,CSNA3
2026-02-28,CURY3
2026-02-28,CXSE3
2026-02-28,CYRE3
2026-02-28,CYRE4
2026-02-28,DIRR3
2026-02-28,EGIE3
2026-02-28,EMBJ3
2026-02-28,ENEV3
2026-02-28,ENGI11
2026-02-28,EQTL3
2026-02-28,FLRY3
2026-02-28,GGBR4
2026-02-28,GOAU4
2026-02-28,HAPV3
2026-02-28,HYPE3
2026-02-28,IGTI11
2026-02-28,IRBR3
2026-02-28,ISAE4
2026-02-28,ITSA4
2026-02-28,ITUB4
2026-02-28,KLBN11
2026-02-28,LREN3
2026-02-28,MBRF3
2026-02-28,MGLU3
2026-02-28,MOTV3
2026-02-28,MRVE3
2026-02-28,MULT3
2026-02-28,NATU3
2026-02-28,PCAR3
2026-02-28,PETR3
2026-02-28,PETR4
2026-02-28,POMO4
2026-02-28,PRIO3
2026-02-28,PSSA3
2026-02-28,RADL3
2026-02-28,RAIL3
2026-02-28,RAIZ4
2026-02-28,RDOR3
2026-02-28,RECV3
2026-02-28,RENT3
2026-02-28,RENT4
2026-02-28,SANB11
2026-02-28,SBSP3
2026-02-28,SLCE3
2026-02-28,SMFT3
2026-02-28,SUZB3
2026-02-28,TAEE11
2026-02-28,TIMS3
2026-02-28,TOTS3
2026-02-28,UGPA3
2026-02-28,USIM5
2026-02-28,VALE3
2026-02-28,VAMO3
2026-02-28,VBBR3
2026-02-28,VIVA3
2026-02-28,VIVT3
2026-02-28,WEGE3
2026-02-28,YDUQ3
2026-03-31,ABEV3
2026-03-31,ALOS3
2026-03-31,ASAI3
2026-03-31,AURE3
2026-03-31,AXIA3
2026-03-31,AXIA6
2026-03-31,AXIA7
2026-03-31,AZZA3
2026-03-31,B3SA3
2026-03-31,BBAS3
2026-03-31,BBDC3
2026-03-31,BBDC4
2026-03-31,BBSE3
2026-03-31,BEEF3
2026-03-31,BPAC11
2026-03-31,BRAP4
2026-03-31,BRAV3
2026-03-31,BRKM5
2026-03-31,CEAB3
2026-03-31,CMIG4
2026-03-31,CMIN3
2026-03-31,COGN3
2026-03-31,CPFE3
2026-03-31,CPLE3
2026-03-31,CSAN3
2026-03-31,CSMG3
2026-03-31,CSNA3
2026-03-31,CURY3
2026-03-31,CXSE3
2026-03-31,CYRE3
2026-03-31,CYRE4
2026-03-31,DIRR3
2026-03-31,EGIE3
2026-03-31,EMBJ3
2026-03-31,ENEV3
2026-03-31,ENGI11
2026-03-31,EQTL3
2026-03-31,FLRY3
2026-03-31,GGBR4
2026-03-31,GOAU4
2026-03-31,HAPV3
2026-03-31,HYPE3
2026-03-31,IGTI11
2026-03-31,IRBR3
2026-03-31,ISAE4
2026-03-31,ITSA4
2026-03-31,ITUB4
2026-03-31,KLBN11
2026-03-31,LREN3
2026-03-31,MBRF3
2026-03-31,MGLU3
2026-03-31,MOTV3
2026-03-31,MRVE3
2026-03-31,MULT3
2026-03-31,NATU3
2026-03-31,PETR3
2026-03-31,PETR4
2026-03-31,POMO4
2026-03-31,PRIO3
2026-03-31,PSSA3
2026-03-31,RADL3
2026-03-31,RAIL3
2026-03-31,RDOR3
2026-03-31,RECV3
2026-03-31,RENT3
2026-03-31,RENT4
2026-03-31,SANB11
2026-03-31,SBSP3
2026-03-31,SLCE3
2026-03-31,SMFT3
2026-03-31,SUZB3
2026-03-31,TAEE11
2026-03-31,TIMS3
2026-03-31,TOTS3
2026-03-31,UGPA3
2026-03-31,USIM5
2026-03-31,VALE3
2026-03-31,VAMO3
2026-03-31,VBBR3
2026-03-31,VIVA3
2026-03-31,VIVT3
2026-03-31,WEGE3
2026-03-31,YDUQ3
2026-04-30,ABEV3
2026-04-30,ALOS3
2026-04-30,ASAI3
2026-04-30,AURE3
2026-04-30,AXIA3
2026-04-30,AXIA6
2026-04-30,AXIA7
2026-04-30,AZZA3
2026-04-30,B3SA3
2026-04-30,BBAS3
2026-04-30,BBDC3
2026-04-30,BBDC4
2026-04-30,BBSE3
2026-04-30,BEEF3
2026-04-30,BPAC11
2026-04-30,BRAP4
2026-04-30,BRAV3
2026-04-30,BRKM5
2026-04-30,CEAB3
2026-04-30,CMIG4
2026-04-30,CMIN3
2026-04-30,COGN3
2026-04-30,CPFE3
2026-04-30,CPLE3
2026-04-30,CSAN3
2026-04-30,CSMG3
2026-04-30,CSNA3
2026-04-30,CURY3
2026-04-30,CXSE3
2026-04-30,CYRE3
2026-04-30,CYRE4
2026-04-30,DIRR3
2026-04-30,EGIE3
2026-04-30,EMBJ3
2026-04-30,ENEV3
2026-04-30,ENGI11
2026-04-30,EQTL3
2026-04-30,FLRY3
2026-04-30,GGBR4
2026-04-30,GOAU4
2026-04-30,HAPV3
2026-04-30,HYPE3
2026-04-30,IGTI11
2026-04-30,IRBR3
2026-04-30,ISAE4
2026-04-30,ITSA4
2026-04-30,ITUB4
2026-04-30,KLBN11
2026-04-30,LREN3
2026-04-30,MBRF3
2026-04-30,MGLU3
2026-04-30,MOTV3
2026-04-30,MRVE3
2026-04-30,MULT3
2026-04-30,NATU3
2026-04-30,PETR3
2026-04-30,PETR4
2026-04-30,POMO4
2026-04-30,PRIO3
2026-04-30,PSSA3
2026-04-30,RADL3
2026-04-30,RAIL3
2026-04-30,RDOR3
2026-04-30,RECV3
2026-04-30,RENT3
2026-04-30,RENT4
2026-04-30,SANB11
2026-04-30,SBSP3
2026-04-30,SLCE3
2026-04-30,SMFT3
2026-04-30,SUZB3
2026-04-30,TAEE11
2026-04-30,TIMS3
2026-04-30,TOTS3
2026-04-30,UGPA3
2026-04-30,USIM5
2026-04-30,VALE3
2026-04-30,VAMO3
2026-04-30,VBBR3
2026-04-30,VIVA3
2026-04-30,VIVT3
2026-04-30,WEGE3
2026-04-30,YDUQ3
2026-05-31,ABEV3
2026-05-31,ALOS3
2026-05-31,ASAI3
2026-05-31,AURE3
2026-05-31,AXIA3
2026-05-31,AXIA6
2026-05-31,AZZA3
2026-05-31,B3SA3
2026-05-31,BBAS3
2026-05-31,BBDC3
2026-05-31,BBDC4
2026-05-31,BBSE3
2026-05-31,BEEF3
2026-05-31,BPAC11
2026-05-31,BRAP4
2026-05-31,BRAV3
2026-05-31,BRKM5
2026-05-31,CEAB3
2026-05-31,CMIG4
2026-05-31,CMIN3
2026-05-31,COGN3
2026-05-31,CPFE3
2026-05-31,CPLE3
2026-05-31,CSAN3
2026-05-31,CSMG3
2026-05-31,CSNA3
2026-05-31,CURY3
2026-05-31,CXSE3
2026-05-31,CYRE3
2026-05-31,DIRR3
2026-05-31,EGIE3
2026-05-31,EMBJ3
2026-05-31,ENEV3
2026-05-31,ENGI11
2026-05-31,EQTL3
2026-05-31,FLRY3
2026-05-31,GGBR4
2026-05-31,GOAU4
2026-05-31,HAPV3
2026-05-31,HYPE3
2026-05-31,IGTI11
2026-05-31,ISAE4
2026-05-31,ITSA4
2026-05-31,ITUB4
2026-05-31,KLBN11
2026-05-31,LREN3
2026-05-31,MBRF3
2026-05-31,MGLU3
2026-05-31,MOTV3
2026-05-31,MRVE3
2026-05-31,MULT3
2026-05-31,NATU3
2026-05-31,PETR3
2026-05-31,PETR4
2026-05-31,POMO4
2026-05-31,PRIO3
2026-05-31,PSSA3
2026-05-31,RADL3
2026-05-31,RAIL3
2026-05-31,RDOR3
2026-05-31,RECV3
2026-05-31,RENT3
2026-05-31,SANB11
2026-05-31,SBSP3
2026-05-31,SLCE3
2026-05-31,SMFT3
2026-05-31,SUZB3
2026-05-31,TAEE11
2026-05-31,TIMS3
2026-05-31,TOTS3
2026-05-31,UGPA3
2026-05-31,USIM5
2026-05-31,VALE3
2026-05-31,VAMO3
2026-05-31,VBBR3
2026-05-31,VIVA3
2026-05-31,VIVT3
2026-05-31,WEGE3
2026-05-31,YDUQ3
2026-06-30,ABEV3
2026-06-30,ALOS3
2026-06-30,ASAI3
2026-06-30,AURE3
2026-06-30,AXIA3
2026-06-30,AXIA6
2026-06-30,AZZA3
2026-06-30,B3SA3
2026-06-30,BBAS3
2026-06-30,BBDC3
2026-06-30,BBDC4
2026-06-30,BBSE3
2026-06-30,BEEF3
2026-06-30,BPAC11
2026-06-30,BRAP4
2026-06-30,BRAV3
2026-06-30,BRKM5
2026-06-30,CEAB3
2026-06-30,CMIG4
2026-06-30,CMIN3
2026-06-30,COGN3
2026-06-30,CPFE3
2026-06-30,CPLE3
2026-06-30,CSAN3
2026-06-30,CSMG3
2026-06-30,CSNA3
2026-06-30,CURY3
2026-06-30,CXSE3
2026-06-30,CYRE3
2026-06-30,DIRR3
2026-06-30,EGIE3
2026-06-30,EMBJ3
2026-06-30,ENEV3
2026-06-30,ENGI11
2026-06-30,EQTL3
2026-06-30,FLRY3
2026-06-30,GGBR4
2026-06-30,GOAU4
2026-06-30,HAPV3
2026-06-30,HYPE3
2026-06-30,IGTI11
2026-06-30,ISAE4
2026-06-30,ITSA4
2026-06-30,ITUB4
2026-06-30,KLBN11
2026-06-30,LREN3
2026-06-30,MBRF3
2026-06-30,MGLU3
2026-06-30,MOTV3
2026-06-30,MRVE3
2026-06-30,MULT3
2026-06-30,NATU3
2026-06-30,PETR3
2026-06-30,PETR4
2026-06-30,POMO4
2026-06-30,PRIO3
2026-06-30,PSSA3
2026-06-30,RADL3
2026-06-30,RAIL3
2026-06-30,RDOR3
2026-06-30,RECV3
2026-06-30,RENT3
2026-06-30,SANB11
2026-06-30,SBSP3
2026-06-30,SLCE3
2026-06-30,SMFT3
2026-06-30,SUZB3
2026-06-30,TAEE11
2026-06-30,TIMS3
2026-06-30,TOTS3
2026-06-30,UGPA3
2026-06-30,USIM5
2026-06-30,VALE3
2026-06-30,VAMO3
2026-06-30,VBBR3
2026-06-30,VIVA3
2026-06-30,VIVT3
2026-06-30,WEGE3
2026-06-30,YDUQ3
